method,task,classifier,feature,coefficient,abs_coefficient
A080 Base,cn_vs_mci_spectrum,logistic,roi_r1_c0_brain_p90_slice_std,-1.2991849535078155,1.2991849535078155
A080 Base,cn_vs_mci_spectrum,logistic,roi_r1_c1_wm_median_slice_std,-1.0897399560407417,1.0897399560407417
A080 Base,cn_vs_mci_spectrum,logistic,roi_r0_c2_brain_p10_slice_mean,-1.0896186915074564,1.0896186915074564
A080 Base,cn_vs_mci_spectrum,logistic,roi_r1_c0_brain_p10_slice_std,1.0636989387800002,1.0636989387800002
A080 Base,cn_vs_mci_spectrum,logistic,roi_r1_c0_brain_grad_mean_slice_std,1.0362283437227149,1.0362283437227149
A080 Base,cn_vs_mci_spectrum,logistic,roi_r0_c0_wm_local_var_slice_mean,-1.0197689453652816,1.0197689453652816
A080 Base,cn_vs_mci_spectrum,logistic,roi_r1_c0_wm_p90_slice_std,0.9934648756784518,0.9934648756784518
A080 Base,cn_vs_mci_spectrum,logistic,roi_r0_c1_wm_grad_mean_slice_std,-0.9409930814336022,0.9409930814336022
A080 Base,cn_vs_mci_spectrum,logistic,roi_r0_c0_wm_p90_slice_std,0.8788316012852192,0.8788316012852192
A080 Base,cn_vs_mci_spectrum,logistic,roi_r0_c0_brain_p90_slice_std,-0.863308947943656,0.863308947943656
A080 Base,cn_vs_mci_spectrum,logistic,roi_r1_c2_wm_grad_mean_slice_std,-0.856043569342217,0.856043569342217
A080 Base,cn_vs_mci_spectrum,logistic,roi_r1_c1_brain_local_var_slice_std,-0.8432200767680733,0.8432200767680733
A080 Base,cn_vs_mci_spectrum,logistic,roi_r1_c0_wm_std_slice_std,0.8119467713917833,0.8119467713917833
A080 Base,cn_vs_mci_spectrum,logistic,roi_r1_c1_brain_grad_mean_slice_std,0.8115111916911264,0.8115111916911264
A080 Base,cn_vs_mci_spectrum,logistic,roi_r1_c2_wm_count_slice_mean,-0.7967036272773752,0.7967036272773752
A080 Base,cn_vs_mci_spectrum,logistic,roi_r1_c1_wm_p90_slice_std,0.754459366901305,0.754459366901305
A080 Base,cn_vs_mci_spectrum,logistic,roi_r1_c0_brain_std_slice_std,-0.7218832743568904,0.7218832743568904
A080 Base,cn_vs_mci_spectrum,logistic,roi_r0_c2_wm_local_var_slice_mean,0.7055003870859414,0.7055003870859414
A080 Base,cn_vs_mci_spectrum,logistic,roi_r0_c2_brain_mean_slice_std,0.6921969356043086,0.6921969356043086
A080 Base,cn_vs_mci_spectrum,logistic,roi_r0_c1_brain_p10_slice_std,0.69049050028815,0.69049050028815
A080 Base,cn_vs_mci_spectrum,linear_svm,roi_r0_c2_brain_p10_slice_mean,-1.3111899033099594,1.3111899033099594
A080 Base,cn_vs_mci_spectrum,linear_svm,roi_r1_c1_wm_median_slice_std,-1.3065999060842182,1.3065999060842182
A080 Base,cn_vs_mci_spectrum,linear_svm,roi_r0_c2_brain_mean_slice_std,1.2880978271939814,1.2880978271939814
A080 Base,cn_vs_mci_spectrum,linear_svm,roi_r1_c2_wm_grad_mean_slice_std,-1.143959744401702,1.143959744401702
A080 Base,cn_vs_mci_spectrum,linear_svm,roi_r1_c0_brain_p90_slice_std,-1.1429923080532824,1.1429923080532824
A080 Base,cn_vs_mci_spectrum,linear_svm,roi_r1_c1_wm_p90_slice_std,1.0958479288759706,1.0958479288759706
A080 Base,cn_vs_mci_spectrum,linear_svm,roi_r0_c0_wm_grad_mean_slice_mean,1.0907008338790323,1.0907008338790323
A080 Base,cn_vs_mci_spectrum,linear_svm,roi_r1_c0_brain_std_slice_std,-1.050152085503731,1.050152085503731
A080 Base,cn_vs_mci_spectrum,linear_svm,roi_r0_c0_wm_local_var_slice_mean,-1.0453806149059548,1.0453806149059548
A080 Base,cn_vs_mci_spectrum,linear_svm,roi_r1_c0_wm_p90_slice_std,1.0280259882685978,1.0280259882685978
A080 Base,cn_vs_mci_spectrum,linear_svm,roi_r1_c2_brain_p10_slice_mean,1.0097444224918002,1.0097444224918002
A080 Base,cn_vs_mci_spectrum,linear_svm,roi_r1_c0_brain_grad_mean_slice_std,1.0088151042602878,1.0088151042602878
A080 Base,cn_vs_mci_spectrum,linear_svm,roi_r0_c1_wm_grad_mean_slice_std,-0.9575269507757782,0.9575269507757782
A080 Base,cn_vs_mci_spectrum,linear_svm,roi_r0_c2_wm_p10_slice_std,-0.9554305359568376,0.9554305359568376
A080 Base,cn_vs_mci_spectrum,linear_svm,roi_r1_c1_brain_local_var_slice_std,-0.9553562579721606,0.9553562579721606
A080 Base,cn_vs_mci_spectrum,linear_svm,roi_r0_c1_wm_p10_slice_std,0.9542866108170999,0.9542866108170999
A080 Base,cn_vs_mci_spectrum,linear_svm,roi_r0_c2_brain_median_slice_std,-0.9372493126020963,0.9372493126020963
A080 Base,cn_vs_mci_spectrum,linear_svm,roi_r0_c2_wm_local_var_slice_mean,0.9352541987657417,0.9352541987657417
A080 Base,cn_vs_mci_spectrum,linear_svm,roi_r1_c1_brain_local_var_slice_mean,0.9296657643246231,0.9296657643246231
A080 Base,cn_vs_mci_spectrum,linear_svm,roi_r0_c0_brain_p90_slice_std,-0.8740859151973606,0.8740859151973606
A080 Base,cn_vs_ad,logistic,roi_r0_c2_wm_count_slice_std,1.2053605919061419,1.2053605919061419
A080 Base,cn_vs_ad,logistic,roi_r1_c0_brain_p10_slice_std,1.0134326009626242,1.0134326009626242
A080 Base,cn_vs_ad,logistic,roi_r1_c1_brain_grad_mean_slice_std,0.9209174126245111,0.9209174126245111
A080 Base,cn_vs_ad,logistic,roi_r1_c1_wm_count_slice_std,0.8329704638569819,0.8329704638569819
A080 Base,cn_vs_ad,logistic,roi_r0_c0_wm_median_slice_std,0.8036813371009809,0.8036813371009809
A080 Base,cn_vs_ad,logistic,roi_r0_c1_brain_grad_mean_slice_std,-0.7898258613856003,0.7898258613856003
A080 Base,cn_vs_ad,logistic,roi_r1_c2_wm_count_slice_std,-0.7582005949667914,0.7582005949667914
A080 Base,cn_vs_ad,logistic,roi_r1_c0_brain_p90_slice_std,-0.6970519629810459,0.6970519629810459
A080 Base,cn_vs_ad,logistic,roi_r1_c2_wm_count_slice_mean,-0.651046227250845,0.651046227250845
A080 Base,cn_vs_ad,logistic,roi_r0_c0_wm_grad_mean_slice_std,-0.6415090021326142,0.6415090021326142
A080 Base,cn_vs_ad,logistic,roi_r0_c0_wm_local_var_slice_mean,-0.6399902348933414,0.6399902348933414
A080 Base,cn_vs_ad,logistic,roi_r1_c2_brain_median_slice_std,-0.556514820537954,0.556514820537954
A080 Base,cn_vs_ad,logistic,roi_r0_c1_brain_mean_slice_std,0.5310928375607731,0.5310928375607731
A080 Base,cn_vs_ad,logistic,roi_r1_c1_brain_median_slice_std,-0.5223332829397251,0.5223332829397251
A080 Base,cn_vs_ad,logistic,roi_r1_c0_brain_grad_mean_slice_std,0.5205126681980585,0.5205126681980585
A080 Base,cn_vs_ad,logistic,roi_r0_c0_wm_std_slice_mean,-0.5138854996616481,0.5138854996616481
A080 Base,cn_vs_ad,logistic,roi_r0_c0_brain_mean_slice_std,0.5061054010909939,0.5061054010909939
A080 Base,cn_vs_ad,logistic,roi_r0_c1_brain_std_slice_std,-0.5040259302301948,0.5040259302301948
A080 Base,cn_vs_ad,logistic,roi_r0_c1_wm_std_slice_std,0.5033351089287038,0.5033351089287038
A080 Base,cn_vs_ad,logistic,roi_r0_c1_wm_count_slice_std,-0.4817616992318516,0.4817616992318516
A080 Base,cn_vs_ad,linear_svm,roi_r0_c2_wm_count_slice_std,0.5136087867714565,0.5136087867714565
A080 Base,cn_vs_ad,linear_svm,roi_r1_c1_brain_grad_mean_slice_std,0.4336901760760992,0.4336901760760992
A080 Base,cn_vs_ad,linear_svm,roi_r1_c0_brain_p10_slice_std,0.4250230708322502,0.4250230708322502
A080 Base,cn_vs_ad,linear_svm,roi_r0_c0_wm_local_var_slice_mean,-0.37454598121020327,0.37454598121020327
A080 Base,cn_vs_ad,linear_svm,roi_r0_c1_brain_grad_mean_slice_std,-0.36594378121479126,0.36594378121479126
A080 Base,cn_vs_ad,linear_svm,roi_r1_c1_wm_count_slice_std,0.3573998821952244,0.3573998821952244
A080 Base,cn_vs_ad,linear_svm,roi_r1_c2_wm_count_slice_std,-0.3449266543199307,0.3449266543199307
A080 Base,cn_vs_ad,linear_svm,roi_r1_c0_brain_p90_slice_std,-0.3439642896345259,0.3439642896345259
A080 Base,cn_vs_ad,linear_svm,roi_r0_c0_wm_grad_mean_slice_std,-0.3340408799534057,0.3340408799534057
A080 Base,cn_vs_ad,linear_svm,roi_r1_c1_brain_median_slice_std,-0.32098929712807434,0.32098929712807434
A080 Base,cn_vs_ad,linear_svm,roi_r0_c1_wm_count_slice_std,-0.3125436250086521,0.3125436250086521
A080 Base,cn_vs_ad,linear_svm,roi_r0_c0_brain_local_var_slice_std,0.31106054240781406,0.31106054240781406
A080 Base,cn_vs_ad,linear_svm,roi_r0_c0_wm_std_slice_mean,-0.30817252338749246,0.30817252338749246
A080 Base,cn_vs_ad,linear_svm,roi_r0_c1_brain_mean_slice_std,0.3035543047966426,0.3035543047966426
A080 Base,cn_vs_ad,linear_svm,roi_r1_c2_wm_count_slice_mean,-0.2981368966841621,0.2981368966841621
A080 Base,cn_vs_ad,linear_svm,roi_r0_c0_wm_median_slice_std,0.2950024711497624,0.2950024711497624
A080 Base,cn_vs_ad,linear_svm,roi_r1_c0_brain_grad_mean_slice_std,0.28165815288946966,0.28165815288946966
A080 Base,cn_vs_ad,linear_svm,roi_r0_c1_brain_std_slice_std,-0.24475251395255193,0.24475251395255193
A080 Base,cn_vs_ad,linear_svm,roi_r0_c1_brain_median_slice_std,0.24328086405970437,0.24328086405970437
A080 Base,cn_vs_ad,linear_svm,roi_r0_c2_wm_grad_mean_slice_std,-0.24093087244675832,0.24093087244675832
A080 Base,mci_spectrum_vs_ad,logistic,roi_r0_c2_wm_count_slice_std,1.1608297440734292,1.1608297440734292
A080 Base,mci_spectrum_vs_ad,logistic,roi_r0_c2_wm_p90_slice_std,-1.0393739361935759,1.0393739361935759
A080 Base,mci_spectrum_vs_ad,logistic,roi_r0_c0_wm_median_slice_std,1.0183500361935203,1.0183500361935203
A080 Base,mci_spectrum_vs_ad,logistic,roi_r0_c2_wm_count_slice_mean,0.9340949652405128,0.9340949652405128
A080 Base,mci_spectrum_vs_ad,logistic,roi_r0_c1_brain_grad_mean_slice_std,-0.882439260938745,0.882439260938745
A080 Base,mci_spectrum_vs_ad,logistic,roi_r0_c1_brain_std_slice_std,-0.8636469498136523,0.8636469498136523
A080 Base,mci_spectrum_vs_ad,logistic,roi_r0_c0_brain_median_slice_std,-0.8366155903487889,0.8366155903487889
A080 Base,mci_spectrum_vs_ad,logistic,roi_r1_c2_brain_median_slice_std,-0.7624614020111441,0.7624614020111441
A080 Base,mci_spectrum_vs_ad,logistic,roi_r0_c1_brain_mean_slice_std,0.7541576033820216,0.7541576033820216
A080 Base,mci_spectrum_vs_ad,logistic,roi_r1_c2_wm_median_slice_std,-0.7224166616574218,0.7224166616574218
A080 Base,mci_spectrum_vs_ad,logistic,roi_r1_c2_wm_grad_mean_slice_std,-0.6927292803948091,0.6927292803948091
A080 Base,mci_spectrum_vs_ad,logistic,roi_r1_c0_brain_p10_slice_mean,0.6889162292091094,0.6889162292091094
A080 Base,mci_spectrum_vs_ad,logistic,roi_r1_c1_wm_count_slice_std,0.6461347924134883,0.6461347924134883
A080 Base,mci_spectrum_vs_ad,logistic,roi_r0_c0_wm_std_slice_mean,-0.6456483881539882,0.6456483881539882
A080 Base,mci_spectrum_vs_ad,logistic,roi_r0_c0_wm_mean_slice_std,0.6292206940021567,0.6292206940021567
A080 Base,mci_spectrum_vs_ad,logistic,roi_r0_c1_wm_grad_mean_slice_mean,0.6262697595690865,0.6262697595690865
A080 Base,mci_spectrum_vs_ad,logistic,roi_r1_c0_brain_std_slice_std,0.6180386091485351,0.6180386091485351
A080 Base,mci_spectrum_vs_ad,logistic,roi_r1_c1_brain_p10_slice_std,0.5687232291599823,0.5687232291599823
A080 Base,mci_spectrum_vs_ad,logistic,roi_r1_c1_wm_local_var_slice_std,-0.5545218491439724,0.5545218491439724
A080 Base,mci_spectrum_vs_ad,logistic,roi_r1_c1_brain_std_slice_std,0.529521610296325,0.529521610296325
A080 Base,mci_spectrum_vs_ad,linear_svm,roi_r0_c0_wm_median_slice_std,0.7784775362263257,0.7784775362263257
A080 Base,mci_spectrum_vs_ad,linear_svm,roi_r1_c2_wm_grad_mean_slice_std,-0.6951696456574341,0.6951696456574341
A080 Base,mci_spectrum_vs_ad,linear_svm,roi_r0_c1_brain_std_slice_std,-0.6760571382155303,0.6760571382155303
A080 Base,mci_spectrum_vs_ad,linear_svm,roi_r0_c2_wm_p90_slice_std,-0.662651732249438,0.662651732249438
A080 Base,mci_spectrum_vs_ad,linear_svm,roi_r0_c2_wm_count_slice_mean,0.6584700031896342,0.6584700031896342
A080 Base,mci_spectrum_vs_ad,linear_svm,roi_r0_c0_brain_median_slice_std,-0.6530102380209838,0.6530102380209838
A080 Base,mci_spectrum_vs_ad,linear_svm,roi_r1_c0_brain_p10_slice_mean,0.6223023023114553,0.6223023023114553
A080 Base,mci_spectrum_vs_ad,linear_svm,roi_r0_c1_brain_mean_slice_std,0.5880734313620096,0.5880734313620096
A080 Base,mci_spectrum_vs_ad,linear_svm,roi_r1_c2_brain_median_slice_std,-0.5489449447603907,0.5489449447603907
A080 Base,mci_spectrum_vs_ad,linear_svm,roi_r0_c1_wm_grad_mean_slice_mean,0.5164288602461968,0.5164288602461968
A080 Base,mci_spectrum_vs_ad,linear_svm,roi_r0_c1_brain_grad_mean_slice_std,-0.5116885272848553,0.5116885272848553
A080 Base,mci_spectrum_vs_ad,linear_svm,roi_r1_c2_wm_median_slice_std,-0.5114379672947004,0.5114379672947004
A080 Base,mci_spectrum_vs_ad,linear_svm,roi_r1_c1_wm_count_slice_std,0.508575512717707,0.508575512717707
A080 Base,mci_spectrum_vs_ad,linear_svm,roi_r0_c0_wm_mean_slice_std,0.4906449920154188,0.4906449920154188
A080 Base,mci_spectrum_vs_ad,linear_svm,roi_r0_c2_wm_count_slice_std,0.4796119869352225,0.4796119869352225
A080 Base,mci_spectrum_vs_ad,linear_svm,roi_r0_c0_wm_std_slice_mean,-0.4510005455208653,0.4510005455208653
A080 Base,mci_spectrum_vs_ad,linear_svm,roi_r0_c0_brain_grad_mean_slice_std,-0.4439707446641106,0.4439707446641106
A080 Base,mci_spectrum_vs_ad,linear_svm,roi_r1_c0_brain_std_slice_mean,-0.440726321666413,0.440726321666413
A080 Base,mci_spectrum_vs_ad,linear_svm,roi_r0_c0_wm_count_slice_mean,0.4374583479495435,0.4374583479495435
A080 Base,mci_spectrum_vs_ad,linear_svm,roi_r0_c0_wm_local_var_slice_mean,0.42128636540791287,0.42128636540791287
A080+DS Full,cn_vs_mci_spectrum,logistic,roi_r1_c0_brain_p90_slice_std,-1.2765294879346603,1.2765294879346603
A080+DS Full,cn_vs_mci_spectrum,logistic,roi_r0_c0_wm_p90_slice_std,1.055804970455924,1.055804970455924
A080+DS Full,cn_vs_mci_spectrum,logistic,roi_r1_c1_wm_median_slice_std,-1.0078578005980676,1.0078578005980676
A080+DS Full,cn_vs_mci_spectrum,logistic,roi_r0_c0_brain_p90_slice_std,-0.9992435857590873,0.9992435857590873
A080+DS Full,cn_vs_mci_spectrum,logistic,roi_r1_c0_brain_p10_slice_std,0.9748058288649014,0.9748058288649014
A080+DS Full,cn_vs_mci_spectrum,logistic,roi_r1_c1_brain_grad_mean_slice_std,0.9542973409320766,0.9542973409320766
A080+DS Full,cn_vs_mci_spectrum,logistic,roi_r1_c2_wm_p10_slice_std,0.8945604546096269,0.8945604546096269
A080+DS Full,cn_vs_mci_spectrum,logistic,roi_r0_c0_wm_local_var_slice_mean,-0.8851196762782815,0.8851196762782815
A080+DS Full,cn_vs_mci_spectrum,logistic,roi_r1_c0_wm_std_slice_std,0.8407711528445825,0.8407711528445825
A080+DS Full,cn_vs_mci_spectrum,logistic,roi_r1_c0_brain_grad_mean_slice_std,0.8337911333093736,0.8337911333093736
A080+DS Full,cn_vs_mci_spectrum,logistic,roi_r0_c2_brain_p10_slice_mean,-0.8294495925428158,0.8294495925428158
A080+DS Full,cn_vs_mci_spectrum,logistic,roi_r1_c0_wm_local_var_slice_mean,-0.7775335264230765,0.7775335264230765
A080+DS Full,cn_vs_mci_spectrum,logistic,roi_r1_c0_brain_std_slice_std,-0.7671150220981682,0.7671150220981682
A080+DS Full,cn_vs_mci_spectrum,logistic,roi_r1_c2_brain_p10_slice_std,0.747757899849458,0.747757899849458
A080+DS Full,cn_vs_mci_spectrum,logistic,roi_r1_c2_wm_count_slice_mean,-0.6974365204603514,0.6974365204603514
A080+DS Full,cn_vs_mci_spectrum,logistic,roi_r0_c2_brain_median_slice_std,-0.6946912212749795,0.6946912212749795
A080+DS Full,cn_vs_mci_spectrum,logistic,roi_r1_c1_brain_local_var_slice_std,-0.6903166536305478,0.6903166536305478
A080+DS Full,cn_vs_mci_spectrum,logistic,roi_r0_c0_brain_p10_slice_mean,-0.6726356171694107,0.6726356171694107
A080+DS Full,cn_vs_mci_spectrum,logistic,roi_r0_c2_brain_p90_slice_std,-0.6601867376180913,0.6601867376180913
A080+DS Full,cn_vs_mci_spectrum,logistic,roi_r0_c2_wm_local_var_slice_mean,0.6480898518155755,0.6480898518155755
A080+DS Full,cn_vs_mci_spectrum,linear_svm,roi_r1_c2_wm_p10_slice_std,1.5695014327829269,1.5695014327829269
A080+DS Full,cn_vs_mci_spectrum,linear_svm,roi_r1_c1_brain_local_var_slice_std,-1.3327216453197637,1.3327216453197637
A080+DS Full,cn_vs_mci_spectrum,linear_svm,roi_r0_c2_brain_mean_slice_std,1.2423813725012547,1.2423813725012547
A080+DS Full,cn_vs_mci_spectrum,linear_svm,roi_r0_c2_brain_median_slice_std,-1.208959286097734,1.208959286097734
A080+DS Full,cn_vs_mci_spectrum,linear_svm,roi_r0_c2_brain_p10_slice_mean,-1.0893151769411529,1.0893151769411529
A080+DS Full,cn_vs_mci_spectrum,linear_svm,roi_r1_c0_brain_p90_slice_std,-1.0348967413357113,1.0348967413357113
A080+DS Full,cn_vs_mci_spectrum,linear_svm,roi_r1_c1_wm_p90_slice_std,1.0045040104637446,1.0045040104637446
A080+DS Full,cn_vs_mci_spectrum,linear_svm,roi_r1_c0_brain_std_slice_std,-0.9854049392463211,0.9854049392463211
A080+DS Full,cn_vs_mci_spectrum,linear_svm,roi_r0_c0_wm_local_var_slice_mean,-0.9696622265926891,0.9696622265926891
A080+DS Full,cn_vs_mci_spectrum,linear_svm,roi_r1_c0_brain_grad_mean_slice_std,0.9682366117623675,0.9682366117623675
A080+DS Full,cn_vs_mci_spectrum,linear_svm,roi_r1_c1_wm_median_slice_std,-0.9502811350401514,0.9502811350401514
A080+DS Full,cn_vs_mci_spectrum,linear_svm,roi_r0_c0_brain_p90_slice_std,-0.9218767499507164,0.9218767499507164
A080+DS Full,cn_vs_mci_spectrum,linear_svm,roi_r1_c1_brain_grad_mean_slice_std,0.9131658387232728,0.9131658387232728
A080+DS Full,cn_vs_mci_spectrum,linear_svm,roi_r1_c1_brain_mean_slice_std,-0.902343394810663,0.902343394810663
A080+DS Full,cn_vs_mci_spectrum,linear_svm,roi_r0_c0_wm_p90_slice_std,0.8708637543281812,0.8708637543281812
A080+DS Full,cn_vs_mci_spectrum,linear_svm,roi_r1_c1_brain_local_var_slice_mean,0.8613145162137583,0.8613145162137583
A080+DS Full,cn_vs_mci_spectrum,linear_svm,roi_r1_c2_wm_median_slice_mean,0.8539111527806234,0.8539111527806234
A080+DS Full,cn_vs_mci_spectrum,linear_svm,roi_r0_c2_wm_local_var_slice_mean,0.8401447961024142,0.8401447961024142
A080+DS Full,cn_vs_mci_spectrum,linear_svm,roi_r1_c0_wm_std_slice_std,0.8351399368283771,0.8351399368283771
A080+DS Full,cn_vs_mci_spectrum,linear_svm,roi_r0_c2_brain_p10_slice_std,0.8310263672906113,0.8310263672906113
A080+DS Full,cn_vs_ad,logistic,roi_r0_c2_wm_count_slice_std,1.367740095545264,1.367740095545264
A080+DS Full,cn_vs_ad,logistic,roi_r1_c0_brain_p10_slice_std,1.0848815750135774,1.0848815750135774
A080+DS Full,cn_vs_ad,logistic,roi_r0_c1_brain_grad_mean_slice_std,-0.8662766815590113,0.8662766815590113
A080+DS Full,cn_vs_ad,logistic,roi_r1_c1_brain_grad_mean_slice_std,0.8647963881280153,0.8647963881280153
A080+DS Full,cn_vs_ad,logistic,roi_r1_c2_wm_count_slice_std,-0.8296897813401632,0.8296897813401632
A080+DS Full,cn_vs_ad,logistic,roi_r1_c1_brain_median_slice_std,-0.7124586177017265,0.7124586177017265
A080+DS Full,cn_vs_ad,logistic,roi_r1_c1_wm_count_slice_std,0.6889145263460886,0.6889145263460886
A080+DS Full,cn_vs_ad,logistic,roi_r0_c0_wm_grad_mean_slice_std,-0.6471793980041971,0.6471793980041971
A080+DS Full,cn_vs_ad,logistic,roi_r1_c2_wm_count_slice_mean,-0.6118890638792686,0.6118890638792686
A080+DS Full,cn_vs_ad,logistic,roi_r0_c1_wm_std_slice_std,0.5974552193169198,0.5974552193169198
A080+DS Full,cn_vs_ad,logistic,roi_r0_c0_wm_local_var_slice_mean,-0.5911296846271482,0.5911296846271482
A080+DS Full,cn_vs_ad,logistic,roi_r1_c2_brain_median_slice_std,-0.5888857496886409,0.5888857496886409
A080+DS Full,cn_vs_ad,logistic,roi_r0_c0_wm_p90_slice_std,0.5629571062828814,0.5629571062828814
A080+DS Full,cn_vs_ad,logistic,roi_r1_c0_brain_p90_slice_std,-0.5609706586929192,0.5609706586929192
A080+DS Full,cn_vs_ad,logistic,roi_r1_c1_brain_mean_slice_std,-0.5550741842482487,0.5550741842482487
A080+DS Full,cn_vs_ad,logistic,roi_r1_c2_brain_p10_slice_std,0.5415631357119486,0.5415631357119486
A080+DS Full,cn_vs_ad,logistic,roi_r0_c1_wm_count_slice_mean,0.5398457593079434,0.5398457593079434
A080+DS Full,cn_vs_ad,logistic,roi_r0_c0_wm_median_slice_std,0.5086440918624952,0.5086440918624952
A080+DS Full,cn_vs_ad,logistic,roi_r0_c1_wm_count_slice_std,-0.5061942888075758,0.5061942888075758
A080+DS Full,cn_vs_ad,logistic,roi_r0_c1_brain_mean_slice_std,0.5037361465267423,0.5037361465267423
A080+DS Full,cn_vs_ad,linear_svm,roi_r0_c2_wm_count_slice_std,0.6058546732005632,0.6058546732005632
A080+DS Full,cn_vs_ad,linear_svm,roi_r1_c0_brain_p10_slice_std,0.46203486610448796,0.46203486610448796
A080+DS Full,cn_vs_ad,linear_svm,roi_r0_c1_brain_grad_mean_slice_std,-0.45698324178550803,0.45698324178550803
A080+DS Full,cn_vs_ad,linear_svm,roi_r1_c1_brain_median_slice_std,-0.44650760501131853,0.44650760501131853
A080+DS Full,cn_vs_ad,linear_svm,roi_r1_c2_wm_count_slice_std,-0.43671903926141165,0.43671903926141165
A080+DS Full,cn_vs_ad,linear_svm,roi_r1_c1_brain_grad_mean_slice_std,0.378565680811525,0.378565680811525
A080+DS Full,cn_vs_ad,linear_svm,roi_r0_c1_brain_mean_slice_std,0.33026589577325305,0.33026589577325305
A080+DS Full,cn_vs_ad,linear_svm,roi_r1_c2_brain_p10_slice_std,0.32991637261717954,0.32991637261717954
A080+DS Full,cn_vs_ad,linear_svm,roi_r0_c0_wm_grad_mean_slice_std,-0.3216909113413535,0.3216909113413535
A080+DS Full,cn_vs_ad,linear_svm,roi_r1_c0_brain_p90_slice_std,-0.308870455354124,0.308870455354124
A080+DS Full,cn_vs_ad,linear_svm,roi_r0_c1_wm_count_slice_std,-0.3008744312321231,0.3008744312321231
A080+DS Full,cn_vs_ad,linear_svm,roi_r0_c1_wm_std_slice_std,0.29959164694538976,0.29959164694538976
A080+DS Full,cn_vs_ad,linear_svm,roi_r0_c0_wm_local_var_slice_mean,-0.29535955563848226,0.29535955563848226
A080+DS Full,cn_vs_ad,linear_svm,roi_r0_c1_brain_std_slice_std,-0.2915781573950649,0.2915781573950649
A080+DS Full,cn_vs_ad,linear_svm,roi_r0_c0_wm_count_slice_std,-0.2820404209227403,0.2820404209227403
A080+DS Full,cn_vs_ad,linear_svm,roi_r1_c1_brain_mean_slice_std,-0.2798584388668226,0.2798584388668226
A080+DS Full,cn_vs_ad,linear_svm,roi_r1_c2_wm_count_slice_mean,-0.26593828365968164,0.26593828365968164
A080+DS Full,cn_vs_ad,linear_svm,roi_r0_c1_brain_median_slice_std,0.25488113814318447,0.25488113814318447
A080+DS Full,cn_vs_ad,linear_svm,roi_r1_c2_brain_median_slice_std,-0.25249211084845,0.25249211084845
A080+DS Full,cn_vs_ad,linear_svm,roi_r1_c0_wm_std_slice_std,0.25065634752664245,0.25065634752664245
A080+DS Full,mci_spectrum_vs_ad,logistic,roi_r0_c2_wm_count_slice_std,1.3660198727514046,1.3660198727514046
A080+DS Full,mci_spectrum_vs_ad,logistic,roi_r0_c2_wm_p90_slice_std,-1.0324388556056274,1.0324388556056274
A080+DS Full,mci_spectrum_vs_ad,logistic,roi_r0_c1_brain_grad_mean_slice_std,-1.0252487268136972,1.0252487268136972
A080+DS Full,mci_spectrum_vs_ad,logistic,roi_r0_c1_brain_mean_slice_std,0.9154269977363596,0.9154269977363596
A080+DS Full,mci_spectrum_vs_ad,logistic,roi_r0_c1_brain_std_slice_std,-0.9071545897718638,0.9071545897718638
A080+DS Full,mci_spectrum_vs_ad,logistic,roi_r0_c2_wm_count_slice_mean,0.8674100496007491,0.8674100496007491
A080+DS Full,mci_spectrum_vs_ad,logistic,roi_r1_c2_wm_median_slice_std,-0.8230353063221135,0.8230353063221135
A080+DS Full,mci_spectrum_vs_ad,logistic,roi_r0_c0_brain_median_slice_std,-0.8210358776304755,0.8210358776304755
A080+DS Full,mci_spectrum_vs_ad,logistic,roi_r1_c2_brain_median_slice_std,-0.7734370275364295,0.7734370275364295
A080+DS Full,mci_spectrum_vs_ad,logistic,roi_r0_c0_wm_median_slice_std,0.7560760353204048,0.7560760353204048
A080+DS Full,mci_spectrum_vs_ad,logistic,roi_r1_c0_brain_p10_slice_mean,0.7215769164667306,0.7215769164667306
A080+DS Full,mci_spectrum_vs_ad,logistic,roi_r0_c1_brain_median_slice_std,0.7048625465088341,0.7048625465088341
A080+DS Full,mci_spectrum_vs_ad,logistic,roi_r1_c0_brain_grad_mean_slice_mean,-0.6315394351468384,0.6315394351468384
A080+DS Full,mci_spectrum_vs_ad,logistic,roi_r1_c1_wm_count_slice_mean,-0.6204544956511497,0.6204544956511497
A080+DS Full,mci_spectrum_vs_ad,logistic,roi_r0_c0_brain_p90_slice_std,0.608438651274142,0.608438651274142
A080+DS Full,mci_spectrum_vs_ad,logistic,roi_r0_c0_wm_count_slice_mean,0.5983637285370162,0.5983637285370162
A080+DS Full,mci_spectrum_vs_ad,logistic,roi_r0_c0_wm_std_slice_mean,-0.5646590241210871,0.5646590241210871
A080+DS Full,mci_spectrum_vs_ad,logistic,roi_r1_c1_brain_p90_slice_std,0.5525346803069656,0.5525346803069656
A080+DS Full,mci_spectrum_vs_ad,logistic,roi_r1_c0_wm_count_slice_mean,-0.5478346542598035,0.5478346542598035
A080+DS Full,mci_spectrum_vs_ad,logistic,roi_r1_c1_brain_grad_mean_slice_std,0.5426700588646489,0.5426700588646489
A080+DS Full,mci_spectrum_vs_ad,linear_svm,roi_r0_c2_wm_count_slice_std,0.7665078043013231,0.7665078043013231
A080+DS Full,mci_spectrum_vs_ad,linear_svm,roi_r0_c0_brain_median_slice_std,-0.7404569572123374,0.7404569572123374
A080+DS Full,mci_spectrum_vs_ad,linear_svm,roi_r0_c1_brain_std_slice_std,-0.7235762883042487,0.7235762883042487
A080+DS Full,mci_spectrum_vs_ad,linear_svm,roi_r0_c2_wm_p90_slice_std,-0.7064409375610551,0.7064409375610551
A080+DS Full,mci_spectrum_vs_ad,linear_svm,roi_r0_c1_brain_mean_slice_std,0.6749637593432929,0.6749637593432929
A080+DS Full,mci_spectrum_vs_ad,linear_svm,roi_r1_c2_wm_median_slice_std,-0.652663784833623,0.652663784833623
A080+DS Full,mci_spectrum_vs_ad,linear_svm,roi_r1_c0_brain_p10_slice_mean,0.6330738902734029,0.6330738902734029
A080+DS Full,mci_spectrum_vs_ad,linear_svm,roi_r0_c1_brain_grad_mean_slice_std,-0.617637506612954,0.617637506612954
A080+DS Full,mci_spectrum_vs_ad,linear_svm,roi_r0_c0_wm_median_slice_std,0.6170092607842534,0.6170092607842534
A080+DS Full,mci_spectrum_vs_ad,linear_svm,roi_r0_c1_brain_median_slice_std,0.5967230736354244,0.5967230736354244
A080+DS Full,mci_spectrum_vs_ad,linear_svm,roi_r0_c2_wm_count_slice_mean,0.5874185094237254,0.5874185094237254
A080+DS Full,mci_spectrum_vs_ad,linear_svm,roi_r0_c1_wm_std_slice_mean,-0.5484708738102584,0.5484708738102584
A080+DS Full,mci_spectrum_vs_ad,linear_svm,roi_r0_c0_wm_count_slice_mean,0.540964044147749,0.540964044147749
A080+DS Full,mci_spectrum_vs_ad,linear_svm,roi_r1_c2_brain_median_slice_std,-0.5169375258227289,0.5169375258227289
A080+DS Full,mci_spectrum_vs_ad,linear_svm,roi_r1_c1_wm_count_slice_mean,-0.5146185178706064,0.5146185178706064
A080+DS Full,mci_spectrum_vs_ad,linear_svm,roi_r1_c0_brain_grad_mean_slice_mean,-0.5063541803451646,0.5063541803451646
A080+DS Full,mci_spectrum_vs_ad,linear_svm,roi_r0_c1_brain_p10_slice_std,-0.4778362864348359,0.4778362864348359
A080+DS Full,mci_spectrum_vs_ad,linear_svm,roi_r1_c0_brain_std_slice_mean,-0.46600864479575155,0.46600864479575155
A080+DS Full,mci_spectrum_vs_ad,linear_svm,roi_r1_c1_wm_count_slice_std,0.465505037587107,0.465505037587107
A080+DS Full,mci_spectrum_vs_ad,linear_svm,roi_r1_c1_brain_grad_mean_slice_std,0.458086570308959,0.458086570308959
FA_GT,cn_vs_mci_spectrum,logistic,roi_r1_c2_wm_grad_mean_slice_std,-1.1471565966070703,1.1471565966070703
FA_GT,cn_vs_mci_spectrum,logistic,roi_r1_c2_wm_local_var_slice_std,1.0668593497129413,1.0668593497129413
FA_GT,cn_vs_mci_spectrum,logistic,roi_r1_c1_wm_mean_slice_std,-1.0246691166348993,1.0246691166348993
FA_GT,cn_vs_mci_spectrum,logistic,roi_r1_c2_brain_p90_slice_std,-1.0153466923048682,1.0153466923048682
FA_GT,cn_vs_mci_spectrum,logistic,roi_r1_c0_brain_p90_slice_std,-0.9135141835935853,0.9135141835935853
FA_GT,cn_vs_mci_spectrum,logistic,roi_r1_c2_brain_local_var_slice_std,-0.8444605335564057,0.8444605335564057
FA_GT,cn_vs_mci_spectrum,logistic,roi_r1_c2_brain_count_slice_std,-0.8329711449462243,0.8329711449462243
FA_GT,cn_vs_mci_spectrum,logistic,roi_r0_c0_brain_p10_slice_mean,-0.8323702627604377,0.8323702627604377
FA_GT,cn_vs_mci_spectrum,logistic,roi_r0_c1_brain_local_var_slice_mean,0.7997659964493044,0.7997659964493044
FA_GT,cn_vs_mci_spectrum,logistic,roi_r1_c2_wm_median_slice_mean,0.7789024503565872,0.7789024503565872
FA_GT,cn_vs_mci_spectrum,logistic,roi_r1_c2_wm_count_slice_mean,-0.7442422273560662,0.7442422273560662
FA_GT,cn_vs_mci_spectrum,logistic,roi_r0_c1_brain_count_slice_std,0.7113311006337479,0.7113311006337479
FA_GT,cn_vs_mci_spectrum,logistic,roi_r1_c1_brain_p90_slice_std,0.6919482895043899,0.6919482895043899
FA_GT,cn_vs_mci_spectrum,logistic,roi_r0_c0_wm_mean_slice_std,0.6618870825435428,0.6618870825435428
FA_GT,cn_vs_mci_spectrum,logistic,roi_r1_c1_brain_mean_slice_std,0.6616812657631522,0.6616812657631522
FA_GT,cn_vs_mci_spectrum,logistic,roi_r0_c1_wm_grad_mean_slice_std,-0.6616447205816164,0.6616447205816164
FA_GT,cn_vs_mci_spectrum,logistic,roi_r0_c2_brain_p90_slice_std,-0.6499539988281359,0.6499539988281359
FA_GT,cn_vs_mci_spectrum,logistic,roi_r1_c1_wm_p10_slice_std,-0.6495049420423277,0.6495049420423277
FA_GT,cn_vs_mci_spectrum,logistic,roi_r1_c1_brain_local_var_slice_mean,0.6449284222787629,0.6449284222787629
FA_GT,cn_vs_mci_spectrum,logistic,roi_r1_c2_brain_std_slice_std,0.6277563861351385,0.6277563861351385
FA_GT,cn_vs_mci_spectrum,linear_svm,roi_r1_c2_wm_local_var_slice_std,1.6324116619043592,1.6324116619043592
FA_GT,cn_vs_mci_spectrum,linear_svm,roi_r1_c1_wm_mean_slice_std,-1.3968815761699651,1.3968815761699651
FA_GT,cn_vs_mci_spectrum,linear_svm,roi_r1_c2_wm_grad_mean_slice_std,-1.3609896083013218,1.3609896083013218
FA_GT,cn_vs_mci_spectrum,linear_svm,roi_r1_c2_brain_local_var_slice_std,-1.2653529833402832,1.2653529833402832
FA_GT,cn_vs_mci_spectrum,linear_svm,roi_r1_c2_brain_p90_slice_std,-1.2432930973497702,1.2432930973497702
FA_GT,cn_vs_mci_spectrum,linear_svm,roi_r1_c2_wm_median_slice_mean,1.1573226082909345,1.1573226082909345
FA_GT,cn_vs_mci_spectrum,linear_svm,roi_r1_c2_brain_count_slice_std,-1.1105077929356426,1.1105077929356426
FA_GT,cn_vs_mci_spectrum,linear_svm,roi_r0_c2_brain_median_slice_mean,1.0553346706865203,1.0553346706865203
FA_GT,cn_vs_mci_spectrum,linear_svm,roi_r1_c1_wm_p10_slice_std,-1.0272987496554689,1.0272987496554689
FA_GT,cn_vs_mci_spectrum,linear_svm,roi_r0_c1_brain_local_var_slice_mean,1.0262972069466365,1.0262972069466365
FA_GT,cn_vs_mci_spectrum,linear_svm,roi_r0_c0_brain_p10_slice_mean,-1.0255638278511208,1.0255638278511208
FA_GT,cn_vs_mci_spectrum,linear_svm,roi_r1_c2_wm_std_slice_mean,-0.9579548529769675,0.9579548529769675
FA_GT,cn_vs_mci_spectrum,linear_svm,roi_r1_c2_wm_count_slice_mean,-0.9573180118240464,0.9573180118240464
FA_GT,cn_vs_mci_spectrum,linear_svm,roi_r1_c2_brain_p10_slice_mean,0.9511427201592875,0.9511427201592875
FA_GT,cn_vs_mci_spectrum,linear_svm,roi_r1_c2_brain_median_slice_std,0.9378358000074487,0.9378358000074487
FA_GT,cn_vs_mci_spectrum,linear_svm,roi_r1_c2_wm_median_slice_std,0.8987797484068174,0.8987797484068174
FA_GT,cn_vs_mci_spectrum,linear_svm,roi_r0_c2_brain_local_var_slice_std,-0.8785486830799023,0.8785486830799023
FA_GT,cn_vs_mci_spectrum,linear_svm,roi_r1_c1_wm_median_slice_std,0.8601059511273796,0.8601059511273796
FA_GT,cn_vs_mci_spectrum,linear_svm,roi_r1_c1_brain_p90_slice_std,0.8230890640737483,0.8230890640737483
FA_GT,cn_vs_mci_spectrum,linear_svm,roi_r0_c1_brain_p90_slice_std,0.8019389292089738,0.8019389292089738
FA_GT,cn_vs_ad,logistic,roi_r1_c0_brain_grad_mean_slice_std,1.071654876405241,1.071654876405241
FA_GT,cn_vs_ad,logistic,roi_r1_c2_wm_p90_slice_std,0.9803270929795274,0.9803270929795274
FA_GT,cn_vs_ad,logistic,roi_r1_c0_brain_p10_slice_std,0.9770854420038908,0.9770854420038908
FA_GT,cn_vs_ad,logistic,roi_r1_c2_brain_p10_slice_std,0.9482153743224426,0.9482153743224426
FA_GT,cn_vs_ad,logistic,roi_r1_c1_wm_std_slice_std,0.902519326694833,0.902519326694833
FA_GT,cn_vs_ad,logistic,roi_r1_c0_wm_local_var_slice_std,-0.8312510915253699,0.8312510915253699
FA_GT,cn_vs_ad,logistic,roi_r1_c1_brain_grad_mean_slice_std,0.826877980810384,0.826877980810384
FA_GT,cn_vs_ad,logistic,roi_r0_c2_wm_count_slice_std,0.8206459199066501,0.8206459199066501
FA_GT,cn_vs_ad,logistic,roi_r1_c2_brain_local_var_slice_std,0.800331768059488,0.800331768059488
FA_GT,cn_vs_ad,logistic,roi_r1_c2_wm_median_slice_std,-0.7886510732631096,0.7886510732631096
FA_GT,cn_vs_ad,logistic,roi_r0_c0_brain_p10_slice_std,0.6747133860766354,0.6747133860766354
FA_GT,cn_vs_ad,logistic,roi_r0_c2_wm_std_slice_mean,-0.6667712261287511,0.6667712261287511
FA_GT,cn_vs_ad,logistic,roi_r1_c1_wm_mean_slice_std,-0.6656680548772489,0.6656680548772489
FA_GT,cn_vs_ad,logistic,roi_r1_c1_brain_p90_slice_std,0.6501719989556349,0.6501719989556349
FA_GT,cn_vs_ad,logistic,roi_r1_c1_wm_local_var_slice_std,-0.6203181316663184,0.6203181316663184
FA_GT,cn_vs_ad,logistic,roi_r1_c2_wm_std_slice_mean,0.6028243261766705,0.6028243261766705
FA_GT,cn_vs_ad,logistic,roi_r0_c1_brain_p10_slice_mean,0.5998591441983409,0.5998591441983409
FA_GT,cn_vs_ad,logistic,roi_r0_c2_brain_p10_slice_mean,-0.5962743210955883,0.5962743210955883
FA_GT,cn_vs_ad,logistic,roi_r0_c2_wm_count_slice_mean,0.5866126259999656,0.5866126259999656
FA_GT,cn_vs_ad,logistic,roi_r0_c1_brain_mean_slice_std,0.5619494405255877,0.5619494405255877
FA_GT,cn_vs_ad,linear_svm,roi_r1_c0_brain_grad_mean_slice_std,0.6828271613936022,0.6828271613936022
FA_GT,cn_vs_ad,linear_svm,roi_r1_c2_wm_p90_slice_std,0.6426581000181046,0.6426581000181046
FA_GT,cn_vs_ad,linear_svm,roi_r0_c2_wm_std_slice_mean,-0.5188973801497881,0.5188973801497881
FA_GT,cn_vs_ad,linear_svm,roi_r1_c2_wm_median_slice_std,-0.5126906067725414,0.5126906067725414
FA_GT,cn_vs_ad,linear_svm,roi_r1_c1_brain_grad_mean_slice_std,0.5059513901201234,0.5059513901201234
FA_GT,cn_vs_ad,linear_svm,roi_r1_c1_wm_std_slice_std,0.5035685382987626,0.5035685382987626
FA_GT,cn_vs_ad,linear_svm,roi_r1_c0_wm_local_var_slice_std,-0.48562239685293573,0.48562239685293573
FA_GT,cn_vs_ad,linear_svm,roi_r0_c2_wm_count_slice_std,0.47493578260423264,0.47493578260423264
FA_GT,cn_vs_ad,linear_svm,roi_r1_c0_brain_p10_slice_std,0.4433517162315921,0.4433517162315921
FA_GT,cn_vs_ad,linear_svm,roi_r1_c1_wm_local_var_slice_std,-0.4389792661374579,0.4389792661374579
FA_GT,cn_vs_ad,linear_svm,roi_r1_c2_brain_local_var_slice_std,0.43557109893419715,0.43557109893419715
FA_GT,cn_vs_ad,linear_svm,roi_r0_c1_brain_p10_slice_mean,0.43130945836975765,0.43130945836975765
FA_GT,cn_vs_ad,linear_svm,roi_r1_c2_brain_p10_slice_std,0.4114464906472127,0.4114464906472127
FA_GT,cn_vs_ad,linear_svm,roi_r1_c1_wm_mean_slice_std,-0.40407369234016643,0.40407369234016643
FA_GT,cn_vs_ad,linear_svm,roi_r0_c0_brain_p90_slice_std,-0.3817369637186282,0.3817369637186282
FA_GT,cn_vs_ad,linear_svm,roi_r0_c2_brain_p90_slice_std,-0.3810264530453103,0.3810264530453103
FA_GT,cn_vs_ad,linear_svm,roi_r1_c2_wm_std_slice_mean,0.3673295630552728,0.3673295630552728
FA_GT,cn_vs_ad,linear_svm,roi_r0_c1_brain_count_slice_std,-0.34782294790297774,0.34782294790297774
FA_GT,cn_vs_ad,linear_svm,roi_r0_c0_brain_local_var_slice_mean,-0.3319030271697405,0.3319030271697405
FA_GT,cn_vs_ad,linear_svm,roi_r0_c1_brain_mean_slice_std,0.3232865385829036,0.3232865385829036
FA_GT,mci_spectrum_vs_ad,logistic,roi_r1_c1_brain_grad_mean_slice_std,1.200704373097328,1.200704373097328
FA_GT,mci_spectrum_vs_ad,logistic,roi_r1_c0_brain_median_slice_std,-1.007756812555341,1.007756812555341
FA_GT,mci_spectrum_vs_ad,logistic,roi_r1_c2_brain_local_var_slice_std,0.991794642434235,0.991794642434235
FA_GT,mci_spectrum_vs_ad,logistic,roi_r1_c2_wm_local_var_slice_std,0.973195653488071,0.973195653488071
FA_GT,mci_spectrum_vs_ad,logistic,roi_r0_c1_brain_median_slice_std,0.957103230175491,0.957103230175491
FA_GT,mci_spectrum_vs_ad,logistic,roi_r0_c0_brain_local_var_slice_std,-0.9091574145858166,0.9091574145858166
FA_GT,mci_spectrum_vs_ad,logistic,roi_r1_c0_brain_grad_mean_slice_std,0.830752687906422,0.830752687906422
FA_GT,mci_spectrum_vs_ad,logistic,roi_r1_c2_wm_median_slice_std,-0.7451475165918139,0.7451475165918139
FA_GT,mci_spectrum_vs_ad,logistic,roi_r1_c2_wm_grad_mean_slice_std,-0.7436661579531386,0.7436661579531386
FA_GT,mci_spectrum_vs_ad,logistic,roi_r1_c1_brain_std_slice_std,0.7384737046741019,0.7384737046741019
FA_GT,mci_spectrum_vs_ad,logistic,roi_r1_c2_brain_median_slice_std,-0.7342916622175041,0.7342916622175041
FA_GT,mci_spectrum_vs_ad,logistic,roi_r1_c2_brain_p10_slice_std,0.7019267647471744,0.7019267647471744
FA_GT,mci_spectrum_vs_ad,logistic,roi_r1_c1_wm_count_slice_mean,-0.7006537196497151,0.7006537196497151
FA_GT,mci_spectrum_vs_ad,logistic,roi_r0_c1_brain_mean_slice_std,0.6934510198771835,0.6934510198771835
FA_GT,mci_spectrum_vs_ad,logistic,roi_r1_c2_wm_std_slice_mean,0.6909954577920435,0.6909954577920435
FA_GT,mci_spectrum_vs_ad,logistic,roi_r1_c1_brain_median_slice_std,-0.6770303641913824,0.6770303641913824
FA_GT,mci_spectrum_vs_ad,logistic,roi_r1_c0_brain_p10_slice_mean,0.6720927862344014,0.6720927862344014
FA_GT,mci_spectrum_vs_ad,logistic,roi_r1_c0_wm_local_var_slice_std,-0.646557871735324,0.646557871735324
FA_GT,mci_spectrum_vs_ad,logistic,roi_r1_c0_brain_p10_slice_std,0.6328340139123309,0.6328340139123309
FA_GT,mci_spectrum_vs_ad,logistic,roi_r1_c0_brain_p90_slice_std,0.6256937819589925,0.6256937819589925
FA_GT,mci_spectrum_vs_ad,linear_svm,roi_r1_c1_brain_grad_mean_slice_std,0.91003422316912,0.91003422316912
FA_GT,mci_spectrum_vs_ad,linear_svm,roi_r0_c0_brain_local_var_slice_std,-0.7919666170158999,0.7919666170158999
FA_GT,mci_spectrum_vs_ad,linear_svm,roi_r0_c1_brain_median_slice_std,0.7564368078793143,0.7564368078793143
FA_GT,mci_spectrum_vs_ad,linear_svm,roi_r1_c2_wm_local_var_slice_std,0.7407845480171398,0.7407845480171398
FA_GT,mci_spectrum_vs_ad,linear_svm,roi_r1_c0_brain_median_slice_std,-0.7073124726207467,0.7073124726207467
FA_GT,mci_spectrum_vs_ad,linear_svm,roi_r1_c2_brain_median_slice_std,-0.7017128951198067,0.7017128951198067
FA_GT,mci_spectrum_vs_ad,linear_svm,roi_r1_c0_brain_grad_mean_slice_std,0.6536087517002751,0.6536087517002751
FA_GT,mci_spectrum_vs_ad,linear_svm,roi_r1_c2_wm_std_slice_mean,0.6478920261126937,0.6478920261126937
FA_GT,mci_spectrum_vs_ad,linear_svm,roi_r1_c2_brain_local_var_slice_std,0.6383456880935673,0.6383456880935673
FA_GT,mci_spectrum_vs_ad,linear_svm,roi_r1_c0_wm_local_var_slice_std,-0.625890537742955,0.625890537742955
FA_GT,mci_spectrum_vs_ad,linear_svm,roi_r1_c0_brain_p90_slice_std,0.6012673339296193,0.6012673339296193
FA_GT,mci_spectrum_vs_ad,linear_svm,roi_r1_c1_brain_std_slice_std,0.5743812875860386,0.5743812875860386
FA_GT,mci_spectrum_vs_ad,linear_svm,roi_r1_c2_wm_grad_mean_slice_std,-0.5686527905406809,0.5686527905406809
FA_GT,mci_spectrum_vs_ad,linear_svm,roi_r1_c2_brain_p10_slice_std,0.5618609561880259,0.5618609561880259
FA_GT,mci_spectrum_vs_ad,linear_svm,roi_r1_c0_brain_p10_slice_mean,0.5452248756276985,0.5452248756276985
FA_GT,mci_spectrum_vs_ad,linear_svm,roi_r0_c0_wm_grad_mean_slice_std,0.5273657201897592,0.5273657201897592
FA_GT,mci_spectrum_vs_ad,linear_svm,roi_r1_c2_brain_count_slice_std,0.49779768500978416,0.49779768500978416
FA_GT,mci_spectrum_vs_ad,linear_svm,roi_r1_c1_brain_p10_slice_mean,0.46726610939074176,0.46726610939074176
FA_GT,mci_spectrum_vs_ad,linear_svm,roi_r1_c2_wm_median_slice_std,-0.46721687493995373,0.46721687493995373
FA_GT,mci_spectrum_vs_ad,linear_svm,roi_r1_c0_brain_std_slice_mean,-0.4605088611947599,0.4605088611947599
Old Fidelity Flow,cn_vs_mci_spectrum,logistic,roi_r1_c1_brain_grad_mean_slice_std,1.467659779612493,1.467659779612493
Old Fidelity Flow,cn_vs_mci_spectrum,logistic,roi_r0_c0_wm_p90_slice_std,1.2873248404141397,1.2873248404141397
Old Fidelity Flow,cn_vs_mci_spectrum,logistic,roi_r1_c2_wm_grad_mean_slice_std,-1.2082241098649253,1.2082241098649253
Old Fidelity Flow,cn_vs_mci_spectrum,logistic,roi_r1_c1_wm_median_slice_std,-1.0920059852926376,1.0920059852926376
Old Fidelity Flow,cn_vs_mci_spectrum,logistic,roi_r1_c0_wm_local_var_slice_mean,-0.9941868806382901,0.9941868806382901
Old Fidelity Flow,cn_vs_mci_spectrum,logistic,roi_r0_c0_brain_p10_slice_mean,-0.9315542209377037,0.9315542209377037
Old Fidelity Flow,cn_vs_mci_spectrum,logistic,roi_r1_c0_brain_p90_slice_std,-0.9265812867362047,0.9265812867362047
Old Fidelity Flow,cn_vs_mci_spectrum,logistic,roi_r0_c0_wm_local_var_slice_mean,-0.9243501263885343,0.9243501263885343
Old Fidelity Flow,cn_vs_mci_spectrum,logistic,roi_r1_c2_wm_count_slice_mean,-0.9022562353163633,0.9022562353163633
Old Fidelity Flow,cn_vs_mci_spectrum,logistic,roi_r0_c2_brain_p90_slice_std,-0.8319275777856645,0.8319275777856645
Old Fidelity Flow,cn_vs_mci_spectrum,logistic,roi_r0_c1_wm_grad_mean_slice_std,-0.8097108744873528,0.8097108744873528
Old Fidelity Flow,cn_vs_mci_spectrum,logistic,roi_r1_c1_wm_mean_slice_std,-0.8037514553632519,0.8037514553632519
Old Fidelity Flow,cn_vs_mci_spectrum,logistic,roi_r1_c0_brain_grad_mean_slice_std,0.7807782874842999,0.7807782874842999
Old Fidelity Flow,cn_vs_mci_spectrum,logistic,roi_r0_c2_brain_p10_slice_mean,-0.7787350129206261,0.7787350129206261
Old Fidelity Flow,cn_vs_mci_spectrum,logistic,roi_r1_c0_wm_std_slice_std,0.7556156205671156,0.7556156205671156
Old Fidelity Flow,cn_vs_mci_spectrum,logistic,roi_r1_c0_brain_p10_slice_std,0.7554516920095395,0.7554516920095395
Old Fidelity Flow,cn_vs_mci_spectrum,logistic,roi_r1_c0_wm_p90_slice_std,0.7214713070685111,0.7214713070685111
Old Fidelity Flow,cn_vs_mci_spectrum,logistic,roi_r0_c2_wm_median_slice_std,0.6773684373110193,0.6773684373110193
Old Fidelity Flow,cn_vs_mci_spectrum,logistic,roi_r0_c1_wm_grad_mean_slice_mean,-0.6685196124791147,0.6685196124791147
Old Fidelity Flow,cn_vs_mci_spectrum,logistic,roi_r1_c1_wm_grad_mean_slice_std,-0.6642338150603734,0.6642338150603734
Old Fidelity Flow,cn_vs_mci_spectrum,linear_svm,roi_r0_c0_wm_p90_slice_std,1.3734138043871877,1.3734138043871877
Old Fidelity Flow,cn_vs_mci_spectrum,linear_svm,roi_r1_c2_wm_grad_mean_slice_std,-1.343108967143691,1.343108967143691
Old Fidelity Flow,cn_vs_mci_spectrum,linear_svm,roi_r1_c0_wm_local_var_slice_mean,-1.2613790469589508,1.2613790469589508
Old Fidelity Flow,cn_vs_mci_spectrum,linear_svm,roi_r1_c1_brain_grad_mean_slice_std,1.1562565252399022,1.1562565252399022
Old Fidelity Flow,cn_vs_mci_spectrum,linear_svm,roi_r1_c2_wm_count_slice_mean,-1.040448347049292,1.040448347049292
Old Fidelity Flow,cn_vs_mci_spectrum,linear_svm,roi_r0_c1_wm_grad_mean_slice_mean,-1.005236120576107,1.005236120576107
Old Fidelity Flow,cn_vs_mci_spectrum,linear_svm,roi_r0_c0_brain_p10_slice_mean,-0.9826457601706025,0.9826457601706025
Old Fidelity Flow,cn_vs_mci_spectrum,linear_svm,roi_r0_c2_brain_p10_slice_mean,-0.9762295566514478,0.9762295566514478
Old Fidelity Flow,cn_vs_mci_spectrum,linear_svm,roi_r1_c1_wm_median_slice_std,-0.9491326520890356,0.9491326520890356
Old Fidelity Flow,cn_vs_mci_spectrum,linear_svm,roi_r0_c1_brain_median_slice_std,-0.9447645832409735,0.9447645832409735
Old Fidelity Flow,cn_vs_mci_spectrum,linear_svm,roi_r1_c1_wm_mean_slice_std,-0.898595988892805,0.898595988892805
Old Fidelity Flow,cn_vs_mci_spectrum,linear_svm,roi_r0_c2_wm_median_slice_std,0.8791881567134994,0.8791881567134994
Old Fidelity Flow,cn_vs_mci_spectrum,linear_svm,roi_r1_c1_wm_grad_mean_slice_std,-0.8514439468809984,0.8514439468809984
Old Fidelity Flow,cn_vs_mci_spectrum,linear_svm,roi_r0_c0_brain_local_var_slice_mean,-0.8229776142985525,0.8229776142985525
Old Fidelity Flow,cn_vs_mci_spectrum,linear_svm,roi_r1_c1_wm_p90_slice_std,0.7968301269844754,0.7968301269844754
Old Fidelity Flow,cn_vs_mci_spectrum,linear_svm,roi_r1_c0_brain_p90_slice_std,-0.7925299967213317,0.7925299967213317
Old Fidelity Flow,cn_vs_mci_spectrum,linear_svm,roi_r0_c2_brain_p10_slice_std,0.78971497447705,0.78971497447705
Old Fidelity Flow,cn_vs_mci_spectrum,linear_svm,roi_r1_c2_brain_median_slice_mean,-0.7844969782437146,0.7844969782437146
Old Fidelity Flow,cn_vs_mci_spectrum,linear_svm,roi_r0_c2_brain_p90_slice_std,-0.7681368984868682,0.7681368984868682
Old Fidelity Flow,cn_vs_mci_spectrum,linear_svm,roi_r0_c0_wm_local_var_slice_mean,-0.7590579663701151,0.7590579663701151
Old Fidelity Flow,cn_vs_ad,logistic,roi_r1_c0_brain_p10_slice_std,1.1969794815427686,1.1969794815427686
Old Fidelity Flow,cn_vs_ad,logistic,roi_r0_c0_wm_std_slice_mean,-0.8206450304354247,0.8206450304354247
Old Fidelity Flow,cn_vs_ad,logistic,roi_r1_c2_wm_count_slice_std,-0.8206286557427351,0.8206286557427351
Old Fidelity Flow,cn_vs_ad,logistic,roi_r1_c2_brain_median_slice_std,-0.8180582237066796,0.8180582237066796
Old Fidelity Flow,cn_vs_ad,logistic,roi_r0_c2_wm_count_slice_std,0.8087625284364999,0.8087625284364999
Old Fidelity Flow,cn_vs_ad,logistic,roi_r0_c0_wm_p90_slice_std,0.786054053469365,0.786054053469365
Old Fidelity Flow,cn_vs_ad,logistic,roi_r0_c1_brain_std_slice_std,-0.754525066772949,0.754525066772949
Old Fidelity Flow,cn_vs_ad,logistic,roi_r0_c1_brain_grad_mean_slice_std,-0.7383617567162073,0.7383617567162073
Old Fidelity Flow,cn_vs_ad,logistic,roi_r1_c2_wm_count_slice_mean,-0.6998851743591497,0.6998851743591497
Old Fidelity Flow,cn_vs_ad,logistic,roi_r1_c1_brain_median_slice_std,-0.6922029816869855,0.6922029816869855
Old Fidelity Flow,cn_vs_ad,logistic,roi_r0_c2_brain_grad_mean_slice_std,0.6631420429111593,0.6631420429111593
Old Fidelity Flow,cn_vs_ad,logistic,roi_r1_c0_wm_p90_slice_std,0.6397398522056891,0.6397398522056891
Old Fidelity Flow,cn_vs_ad,logistic,roi_r1_c2_brain_grad_mean_slice_std,0.5822327985787467,0.5822327985787467
Old Fidelity Flow,cn_vs_ad,logistic,roi_r1_c2_brain_mean_slice_std,-0.5767954959375206,0.5767954959375206
Old Fidelity Flow,cn_vs_ad,logistic,roi_r1_c0_brain_grad_mean_slice_std,0.5742421102538372,0.5742421102538372
Old Fidelity Flow,cn_vs_ad,logistic,roi_r0_c0_wm_median_slice_std,0.5643105552142559,0.5643105552142559
Old Fidelity Flow,cn_vs_ad,logistic,roi_r1_c0_brain_p90_slice_std,-0.5631026153516533,0.5631026153516533
Old Fidelity Flow,cn_vs_ad,logistic,roi_r0_c1_brain_mean_slice_std,0.5614367927124125,0.5614367927124125
Old Fidelity Flow,cn_vs_ad,logistic,roi_r0_c1_wm_count_slice_mean,0.5611281961513661,0.5611281961513661
Old Fidelity Flow,cn_vs_ad,logistic,roi_r0_c2_wm_p90_slice_std,-0.5479591588354096,0.5479591588354096
Old Fidelity Flow,cn_vs_ad,linear_svm,roi_r1_c0_brain_p10_slice_std,0.5541984410265176,0.5541984410265176
Old Fidelity Flow,cn_vs_ad,linear_svm,roi_r1_c1_brain_median_slice_std,-0.40726313332759384,0.40726313332759384
Old Fidelity Flow,cn_vs_ad,linear_svm,roi_r1_c2_wm_count_slice_std,-0.39791173112575745,0.39791173112575745
Old Fidelity Flow,cn_vs_ad,linear_svm,roi_r0_c0_wm_std_slice_mean,-0.39341082385137,0.39341082385137
Old Fidelity Flow,cn_vs_ad,linear_svm,roi_r0_c1_brain_grad_mean_slice_std,-0.3903289426702598,0.3903289426702598
Old Fidelity Flow,cn_vs_ad,linear_svm,roi_r1_c2_brain_median_slice_std,-0.38719590562816003,0.38719590562816003
Old Fidelity Flow,cn_vs_ad,linear_svm,roi_r1_c2_wm_count_slice_mean,-0.3666298219320142,0.3666298219320142
Old Fidelity Flow,cn_vs_ad,linear_svm,roi_r0_c2_brain_grad_mean_slice_std,0.35378462240264125,0.35378462240264125
Old Fidelity Flow,cn_vs_ad,linear_svm,roi_r0_c1_brain_std_slice_std,-0.3406953022576626,0.3406953022576626
Old Fidelity Flow,cn_vs_ad,linear_svm,roi_r1_c0_brain_grad_mean_slice_std,0.3325793064215535,0.3325793064215535
Old Fidelity Flow,cn_vs_ad,linear_svm,roi_r0_c0_wm_p90_slice_std,0.3306661051055383,0.3306661051055383
Old Fidelity Flow,cn_vs_ad,linear_svm,roi_r1_c2_brain_grad_mean_slice_std,0.3245576847117211,0.3245576847117211
Old Fidelity Flow,cn_vs_ad,linear_svm,roi_r0_c1_wm_count_slice_mean,0.32025532033539816,0.32025532033539816
Old Fidelity Flow,cn_vs_ad,linear_svm,roi_r1_c1_brain_grad_mean_slice_std,0.3199882006087814,0.3199882006087814
Old Fidelity Flow,cn_vs_ad,linear_svm,roi_r0_c0_wm_grad_mean_slice_std,-0.31885079181046644,0.31885079181046644
Old Fidelity Flow,cn_vs_ad,linear_svm,roi_r0_c1_brain_mean_slice_std,0.3097351016938702,0.3097351016938702
Old Fidelity Flow,cn_vs_ad,linear_svm,roi_r1_c0_brain_p90_slice_std,-0.3026465761738122,0.3026465761738122
Old Fidelity Flow,cn_vs_ad,linear_svm,roi_r0_c2_brain_p10_slice_std,0.27947994903162204,0.27947994903162204
Old Fidelity Flow,cn_vs_ad,linear_svm,roi_r1_c0_wm_grad_mean_slice_mean,0.2729328275036846,0.2729328275036846
Old Fidelity Flow,cn_vs_ad,linear_svm,roi_r1_c0_wm_p90_slice_std,0.27257958844328617,0.27257958844328617
Old Fidelity Flow,mci_spectrum_vs_ad,logistic,roi_r0_c0_brain_median_slice_std,-1.0701204584201363,1.0701204584201363
Old Fidelity Flow,mci_spectrum_vs_ad,logistic,roi_r1_c2_brain_median_slice_std,-1.013882230620736,1.013882230620736
Old Fidelity Flow,mci_spectrum_vs_ad,logistic,roi_r0_c2_wm_std_slice_std,0.9725150021425786,0.9725150021425786
Old Fidelity Flow,mci_spectrum_vs_ad,logistic,roi_r0_c1_brain_std_slice_std,-0.9306014215366047,0.9306014215366047
Old Fidelity Flow,mci_spectrum_vs_ad,logistic,roi_r1_c1_brain_median_slice_std,-0.8496610232426524,0.8496610232426524
Old Fidelity Flow,mci_spectrum_vs_ad,logistic,roi_r0_c2_wm_count_slice_std,0.7825942111630487,0.7825942111630487
Old Fidelity Flow,mci_spectrum_vs_ad,logistic,roi_r0_c1_brain_median_slice_std,0.775148093978182,0.775148093978182
Old Fidelity Flow,mci_spectrum_vs_ad,logistic,roi_r0_c2_wm_p90_slice_std,-0.7713292964507257,0.7713292964507257
Old Fidelity Flow,mci_spectrum_vs_ad,logistic,roi_r0_c1_brain_mean_slice_std,0.7696789081991764,0.7696789081991764
Old Fidelity Flow,mci_spectrum_vs_ad,logistic,roi_r0_c0_wm_std_slice_mean,-0.7639647682603689,0.7639647682603689
Old Fidelity Flow,mci_spectrum_vs_ad,logistic,roi_r0_c1_wm_grad_mean_slice_mean,0.7470240184861884,0.7470240184861884
Old Fidelity Flow,mci_spectrum_vs_ad,logistic,roi_r0_c1_wm_local_var_slice_std,-0.7101554176407251,0.7101554176407251
Old Fidelity Flow,mci_spectrum_vs_ad,logistic,roi_r1_c1_brain_p90_slice_std,0.6964872539270012,0.6964872539270012
Old Fidelity Flow,mci_spectrum_vs_ad,logistic,roi_r0_c1_brain_grad_mean_slice_std,-0.6920367925242915,0.6920367925242915
Old Fidelity Flow,mci_spectrum_vs_ad,logistic,roi_r0_c2_wm_std_slice_mean,-0.6836289980460157,0.6836289980460157
Old Fidelity Flow,mci_spectrum_vs_ad,logistic,roi_r1_c0_brain_p10_slice_mean,0.6528303466104501,0.6528303466104501
Old Fidelity Flow,mci_spectrum_vs_ad,logistic,roi_r0_c0_brain_p10_slice_std,0.6277387730974787,0.6277387730974787
Old Fidelity Flow,mci_spectrum_vs_ad,logistic,roi_r1_c2_brain_mean_slice_std,-0.6200475233759163,0.6200475233759163
Old Fidelity Flow,mci_spectrum_vs_ad,logistic,roi_r0_c0_wm_median_slice_std,0.6042298823028341,0.6042298823028341
Old Fidelity Flow,mci_spectrum_vs_ad,logistic,roi_r1_c2_wm_grad_mean_slice_std,-0.5772634827766314,0.5772634827766314
Old Fidelity Flow,mci_spectrum_vs_ad,linear_svm,roi_r0_c0_brain_median_slice_std,-0.9555573168193751,0.9555573168193751
Old Fidelity Flow,mci_spectrum_vs_ad,linear_svm,roi_r0_c1_brain_std_slice_std,-0.8642920712968024,0.8642920712968024
Old Fidelity Flow,mci_spectrum_vs_ad,linear_svm,roi_r0_c2_wm_std_slice_std,0.8530011265841518,0.8530011265841518
Old Fidelity Flow,mci_spectrum_vs_ad,linear_svm,roi_r1_c1_brain_median_slice_std,-0.8319535438279219,0.8319535438279219
Old Fidelity Flow,mci_spectrum_vs_ad,linear_svm,roi_r0_c1_wm_grad_mean_slice_mean,0.8220771771198202,0.8220771771198202
Old Fidelity Flow,mci_spectrum_vs_ad,linear_svm,roi_r1_c2_brain_median_slice_std,-0.7691524147614992,0.7691524147614992
Old Fidelity Flow,mci_spectrum_vs_ad,linear_svm,roi_r1_c1_brain_p90_slice_std,0.7090739897338263,0.7090739897338263
Old Fidelity Flow,mci_spectrum_vs_ad,linear_svm,roi_r0_c1_brain_mean_slice_std,0.6907525448733067,0.6907525448733067
Old Fidelity Flow,mci_spectrum_vs_ad,linear_svm,roi_r0_c1_brain_median_slice_std,0.6885958173116962,0.6885958173116962
Old Fidelity Flow,mci_spectrum_vs_ad,linear_svm,roi_r1_c0_brain_p10_slice_mean,0.6747241267977021,0.6747241267977021
Old Fidelity Flow,mci_spectrum_vs_ad,linear_svm,roi_r0_c2_wm_p90_slice_std,-0.6547881668067718,0.6547881668067718
Old Fidelity Flow,mci_spectrum_vs_ad,linear_svm,roi_r1_c1_wm_std_slice_mean,-0.6331074683635547,0.6331074683635547
Old Fidelity Flow,mci_spectrum_vs_ad,linear_svm,roi_r1_c2_wm_grad_mean_slice_std,-0.6263386511260232,0.6263386511260232
Old Fidelity Flow,mci_spectrum_vs_ad,linear_svm,roi_r0_c0_wm_std_slice_mean,-0.5441351390213742,0.5441351390213742
Old Fidelity Flow,mci_spectrum_vs_ad,linear_svm,roi_r0_c0_wm_median_slice_std,0.5373935628483395,0.5373935628483395
Old Fidelity Flow,mci_spectrum_vs_ad,linear_svm,roi_r0_c1_wm_p10_slice_std,0.5308763699080767,0.5308763699080767
Old Fidelity Flow,mci_spectrum_vs_ad,linear_svm,roi_r0_c1_brain_grad_mean_slice_mean,0.5282648822430855,0.5282648822430855
Old Fidelity Flow,mci_spectrum_vs_ad,linear_svm,roi_r0_c1_wm_local_var_slice_std,-0.5232031810750802,0.5232031810750802
Old Fidelity Flow,mci_spectrum_vs_ad,linear_svm,roi_r0_c1_wm_std_slice_std,0.5105770547221178,0.5105770547221178
Old Fidelity Flow,mci_spectrum_vs_ad,linear_svm,roi_r0_c2_wm_median_slice_std,0.49567058100287964,0.49567058100287964
T1_ONLY,cn_vs_mci_spectrum,logistic,roi_r1_c1_wm_p90_slice_std,-1.3050302627473394,1.3050302627473394
T1_ONLY,cn_vs_mci_spectrum,logistic,roi_r0_c2_brain_local_var_slice_mean,-1.134331889387449,1.134331889387449
T1_ONLY,cn_vs_mci_spectrum,logistic,roi_r0_c2_wm_grad_mean_slice_std,1.031311644416318,1.031311644416318
T1_ONLY,cn_vs_mci_spectrum,logistic,roi_r0_c0_wm_std_slice_std,0.8707379453292456,0.8707379453292456
T1_ONLY,cn_vs_mci_spectrum,logistic,roi_r0_c0_wm_grad_mean_slice_std,-0.832551309586046,0.832551309586046
T1_ONLY,cn_vs_mci_spectrum,logistic,roi_r0_c0_wm_p90_slice_std,-0.8290728503815551,0.8290728503815551
T1_ONLY,cn_vs_mci_spectrum,logistic,roi_r0_c1_brain_std_slice_std,-0.8080250233020206,0.8080250233020206
T1_ONLY,cn_vs_mci_spectrum,logistic,roi_r1_c0_wm_grad_mean_slice_mean,-0.8051814168379802,0.8051814168379802
T1_ONLY,cn_vs_mci_spectrum,logistic,roi_r0_c2_wm_p90_slice_std,0.7751381922410956,0.7751381922410956
T1_ONLY,cn_vs_mci_spectrum,logistic,roi_r1_c1_wm_grad_mean_slice_mean,-0.7577418700646441,0.7577418700646441
T1_ONLY,cn_vs_mci_spectrum,logistic,roi_r1_c2_wm_grad_mean_slice_std,-0.7554224692504274,0.7554224692504274
T1_ONLY,cn_vs_mci_spectrum,logistic,roi_r0_c0_wm_local_var_slice_mean,0.7109858292468737,0.7109858292468737
T1_ONLY,cn_vs_mci_spectrum,logistic,roi_r1_c2_brain_p90_slice_std,-0.6892506728880617,0.6892506728880617
T1_ONLY,cn_vs_mci_spectrum,logistic,roi_r1_c2_brain_median_slice_std,-0.6755733725782967,0.6755733725782967
T1_ONLY,cn_vs_mci_spectrum,logistic,roi_r1_c0_wm_p90_slice_mean,0.6514577903900944,0.6514577903900944
T1_ONLY,cn_vs_mci_spectrum,logistic,roi_r1_c1_brain_grad_mean_slice_std,0.6500323004728945,0.6500323004728945
T1_ONLY,cn_vs_mci_spectrum,logistic,roi_r0_c0_wm_p90_slice_mean,-0.6397942162035455,0.6397942162035455
T1_ONLY,cn_vs_mci_spectrum,logistic,roi_r0_c1_brain_p10_slice_mean,-0.6357612320899583,0.6357612320899583
T1_ONLY,cn_vs_mci_spectrum,logistic,roi_r0_c1_wm_p10_slice_std,-0.6297532770774794,0.6297532770774794
T1_ONLY,cn_vs_mci_spectrum,logistic,roi_r0_c1_wm_std_slice_mean,0.6203123426480578,0.6203123426480578
T1_ONLY,cn_vs_mci_spectrum,linear_svm,roi_r1_c1_wm_p90_slice_std,-1.3768433315653443,1.3768433315653443
T1_ONLY,cn_vs_mci_spectrum,linear_svm,roi_r0_c1_wm_p10_slice_std,-1.2426314995215755,1.2426314995215755
T1_ONLY,cn_vs_mci_spectrum,linear_svm,roi_r0_c2_brain_local_var_slice_mean,-1.1359221404710507,1.1359221404710507
T1_ONLY,cn_vs_mci_spectrum,linear_svm,roi_r0_c2_wm_grad_mean_slice_std,1.1036082111097376,1.1036082111097376
T1_ONLY,cn_vs_mci_spectrum,linear_svm,roi_r1_c0_wm_grad_mean_slice_mean,-1.0943747725437456,1.0943747725437456
T1_ONLY,cn_vs_mci_spectrum,linear_svm,roi_r1_c0_wm_grad_mean_slice_std,1.0607889452725503,1.0607889452725503
T1_ONLY,cn_vs_mci_spectrum,linear_svm,roi_r1_c2_brain_median_slice_std,-1.0561537264637746,1.0561537264637746
T1_ONLY,cn_vs_mci_spectrum,linear_svm,roi_r0_c0_wm_std_slice_std,0.9991232398033314,0.9991232398033314
T1_ONLY,cn_vs_mci_spectrum,linear_svm,roi_r0_c1_brain_p10_slice_mean,-0.9936215214871973,0.9936215214871973
T1_ONLY,cn_vs_mci_spectrum,linear_svm,roi_r0_c0_wm_grad_mean_slice_std,-0.9816188242173338,0.9816188242173338
T1_ONLY,cn_vs_mci_spectrum,linear_svm,roi_r0_c1_brain_std_slice_std,-0.9276465320629635,0.9276465320629635
T1_ONLY,cn_vs_mci_spectrum,linear_svm,roi_r1_c2_brain_p90_slice_std,-0.9256785779641392,0.9256785779641392
T1_ONLY,cn_vs_mci_spectrum,linear_svm,roi_r0_c2_wm_p90_slice_std,0.8838081081788861,0.8838081081788861
T1_ONLY,cn_vs_mci_spectrum,linear_svm,roi_r1_c1_brain_median_slice_mean,0.8700797704539516,0.8700797704539516
T1_ONLY,cn_vs_mci_spectrum,linear_svm,roi_r0_c1_wm_std_slice_mean,0.844806450497694,0.844806450497694
T1_ONLY,cn_vs_mci_spectrum,linear_svm,roi_r1_c1_brain_grad_mean_slice_std,0.8436233213474112,0.8436233213474112
T1_ONLY,cn_vs_mci_spectrum,linear_svm,roi_r1_c1_wm_grad_mean_slice_mean,-0.8328354582347259,0.8328354582347259
T1_ONLY,cn_vs_mci_spectrum,linear_svm,roi_r0_c1_brain_mean_slice_mean,0.8193997239418593,0.8193997239418593
T1_ONLY,cn_vs_mci_spectrum,linear_svm,roi_r1_c0_brain_grad_mean_slice_std,-0.8077972666305517,0.8077972666305517
T1_ONLY,cn_vs_mci_spectrum,linear_svm,roi_r0_c0_wm_grad_mean_slice_mean,0.7915231487603529,0.7915231487603529
T1_ONLY,cn_vs_ad,logistic,roi_r0_c1_brain_std_slice_std,-0.8009289942390196,0.8009289942390196
T1_ONLY,cn_vs_ad,logistic,roi_r1_c1_brain_p10_slice_std,0.7788208541140197,0.7788208541140197
T1_ONLY,cn_vs_ad,logistic,roi_r0_c0_brain_local_var_slice_std,-0.724291235824932,0.724291235824932
T1_ONLY,cn_vs_ad,logistic,roi_r1_c1_wm_p90_slice_std,-0.7182165012787235,0.7182165012787235
T1_ONLY,cn_vs_ad,logistic,roi_r0_c2_brain_count_slice_std,-0.6504993365497599,0.6504993365497599
T1_ONLY,cn_vs_ad,logistic,roi_r0_c0_brain_p10_slice_std,-0.6213126866081646,0.6213126866081646
T1_ONLY,cn_vs_ad,logistic,roi_r0_c2_brain_std_slice_mean,0.5508646272527156,0.5508646272527156
T1_ONLY,cn_vs_ad,logistic,roi_r1_c2_brain_p90_slice_std,-0.5441255193530177,0.5441255193530177
T1_ONLY,cn_vs_ad,logistic,roi_r1_c2_brain_count_slice_mean,-0.5409463320265655,0.5409463320265655
T1_ONLY,cn_vs_ad,logistic,roi_r0_c0_brain_p90_slice_std,0.5292947529623576,0.5292947529623576
T1_ONLY,cn_vs_ad,logistic,roi_r0_c2_brain_std_slice_std,0.4914830830055441,0.4914830830055441
T1_ONLY,cn_vs_ad,logistic,roi_r1_c0_brain_p90_slice_std,-0.47437046173787284,0.47437046173787284
T1_ONLY,cn_vs_ad,logistic,roi_r0_c0_wm_p90_slice_std,0.46884434314492324,0.46884434314492324
T1_ONLY,cn_vs_ad,logistic,roi_r0_c0_brain_grad_mean_slice_std,-0.46864976646898526,0.46864976646898526
T1_ONLY,cn_vs_ad,logistic,roi_r0_c0_wm_local_var_slice_std,-0.4611135135300023,0.4611135135300023
T1_ONLY,cn_vs_ad,logistic,roi_r0_c0_wm_median_slice_std,0.4395768624168627,0.4395768624168627
T1_ONLY,cn_vs_ad,logistic,roi_r1_c1_brain_mean_slice_std,0.43839233696905733,0.43839233696905733
T1_ONLY,cn_vs_ad,logistic,roi_r0_c0_brain_count_slice_mean,0.43125943822779045,0.43125943822779045
T1_ONLY,cn_vs_ad,logistic,roi_r0_c1_brain_count_slice_std,0.41876165078197836,0.41876165078197836
T1_ONLY,cn_vs_ad,logistic,roi_r0_c0_brain_p10_slice_mean,-0.4161499749573558,0.4161499749573558
T1_ONLY,cn_vs_ad,linear_svm,roi_r0_c1_brain_std_slice_std,-0.3488153312346739,0.3488153312346739
T1_ONLY,cn_vs_ad,linear_svm,roi_r1_c1_wm_p90_slice_std,-0.3217715029516487,0.3217715029516487
T1_ONLY,cn_vs_ad,linear_svm,roi_r0_c0_brain_local_var_slice_std,-0.28092500944267423,0.28092500944267423
T1_ONLY,cn_vs_ad,linear_svm,roi_r1_c1_brain_p10_slice_std,0.2692089593332796,0.2692089593332796
T1_ONLY,cn_vs_ad,linear_svm,roi_r1_c2_brain_count_slice_mean,-0.25093745911097726,0.25093745911097726
T1_ONLY,cn_vs_ad,linear_svm,roi_r0_c0_brain_count_slice_mean,0.234201279884355,0.234201279884355
T1_ONLY,cn_vs_ad,linear_svm,roi_r1_c1_brain_mean_slice_std,0.23257519513956987,0.23257519513956987
T1_ONLY,cn_vs_ad,linear_svm,roi_r0_c0_brain_p10_slice_std,-0.2249087685224756,0.2249087685224756
T1_ONLY,cn_vs_ad,linear_svm,roi_r0_c2_brain_count_slice_std,-0.22436591130011801,0.22436591130011801
T1_ONLY,cn_vs_ad,linear_svm,roi_r0_c2_brain_std_slice_mean,0.22133442233505965,0.22133442233505965
T1_ONLY,cn_vs_ad,linear_svm,roi_r0_c0_brain_p90_slice_std,0.21548094488710415,0.21548094488710415
T1_ONLY,cn_vs_ad,linear_svm,roi_r1_c0_brain_grad_mean_slice_std,0.21426380164189,0.21426380164189
T1_ONLY,cn_vs_ad,linear_svm,roi_r0_c0_brain_grad_mean_slice_std,-0.20694530226742902,0.20694530226742902
T1_ONLY,cn_vs_ad,linear_svm,roi_r1_c0_brain_p90_slice_std,-0.2068720381377963,0.2068720381377963
T1_ONLY,cn_vs_ad,linear_svm,roi_r0_c1_brain_local_var_slice_std,0.20567759314022832,0.20567759314022832
T1_ONLY,cn_vs_ad,linear_svm,roi_r0_c1_brain_count_slice_std,0.2020708767471388,0.2020708767471388
T1_ONLY,cn_vs_ad,linear_svm,roi_r0_c0_wm_median_slice_std,0.19606622715004957,0.19606622715004957
T1_ONLY,cn_vs_ad,linear_svm,roi_r1_c2_brain_p90_slice_std,-0.18719803357913936,0.18719803357913936
T1_ONLY,cn_vs_ad,linear_svm,roi_r1_c1_brain_median_slice_std,0.18631485675445847,0.18631485675445847
T1_ONLY,cn_vs_ad,linear_svm,roi_r0_c2_brain_median_slice_std,0.1836229782167476,0.1836229782167476
T1_ONLY,mci_spectrum_vs_ad,logistic,roi_r1_c2_brain_p10_slice_std,-0.7842117607146829,0.7842117607146829
T1_ONLY,mci_spectrum_vs_ad,logistic,roi_r1_c1_brain_local_var_slice_std,-0.7570157413878947,0.7570157413878947
T1_ONLY,mci_spectrum_vs_ad,logistic,roi_r0_c2_brain_local_var_slice_std,-0.7112942127185535,0.7112942127185535
T1_ONLY,mci_spectrum_vs_ad,logistic,roi_r1_c0_wm_std_slice_std,-0.7068973850341063,0.7068973850341063
T1_ONLY,mci_spectrum_vs_ad,logistic,roi_r0_c0_wm_p90_slice_std,0.6614144764098419,0.6614144764098419
T1_ONLY,mci_spectrum_vs_ad,logistic,roi_r1_c0_brain_count_slice_std,-0.6482434279176372,0.6482434279176372
T1_ONLY,mci_spectrum_vs_ad,logistic,roi_r0_c1_brain_count_slice_std,0.6456920444918858,0.6456920444918858
T1_ONLY,mci_spectrum_vs_ad,logistic,roi_r0_c2_wm_local_var_slice_std,-0.6371376320958082,0.6371376320958082
T1_ONLY,mci_spectrum_vs_ad,logistic,roi_r0_c2_wm_p90_slice_std,-0.6265579607396689,0.6265579607396689
T1_ONLY,mci_spectrum_vs_ad,logistic,roi_r1_c2_brain_count_slice_mean,-0.612039772759788,0.612039772759788
T1_ONLY,mci_spectrum_vs_ad,logistic,roi_r0_c2_brain_p90_slice_std,-0.6043377652426228,0.6043377652426228
T1_ONLY,mci_spectrum_vs_ad,logistic,roi_r1_c2_wm_count_slice_std,0.5676474164637161,0.5676474164637161
T1_ONLY,mci_spectrum_vs_ad,logistic,roi_r1_c0_brain_p90_slice_std,-0.5604346521752352,0.5604346521752352
T1_ONLY,mci_spectrum_vs_ad,logistic,roi_r0_c1_brain_grad_mean_slice_std,0.5557203171594903,0.5557203171594903
T1_ONLY,mci_spectrum_vs_ad,logistic,roi_r0_c0_brain_local_var_slice_std,-0.5482386380172873,0.5482386380172873
T1_ONLY,mci_spectrum_vs_ad,logistic,roi_r0_c0_wm_count_slice_mean,-0.5407912790964817,0.5407912790964817
T1_ONLY,mci_spectrum_vs_ad,logistic,roi_r1_c1_brain_p10_slice_std,0.5161313872741676,0.5161313872741676
T1_ONLY,mci_spectrum_vs_ad,logistic,roi_r1_c1_wm_p90_slice_std,-0.5044741715816301,0.5044741715816301
T1_ONLY,mci_spectrum_vs_ad,logistic,roi_r0_c0_wm_local_var_slice_std,-0.48642226735987326,0.48642226735987326
T1_ONLY,mci_spectrum_vs_ad,logistic,roi_r1_c1_brain_mean_slice_std,0.4852248414051313,0.4852248414051313
T1_ONLY,mci_spectrum_vs_ad,linear_svm,roi_r1_c0_brain_count_slice_std,-0.4520367188746796,0.4520367188746796
T1_ONLY,mci_spectrum_vs_ad,linear_svm,roi_r1_c2_brain_count_slice_mean,-0.41438921382963523,0.41438921382963523
T1_ONLY,mci_spectrum_vs_ad,linear_svm,roi_r1_c2_brain_p10_slice_std,-0.39314775788471046,0.39314775788471046
T1_ONLY,mci_spectrum_vs_ad,linear_svm,roi_r1_c0_brain_p90_slice_std,-0.3800136517672561,0.3800136517672561
T1_ONLY,mci_spectrum_vs_ad,linear_svm,roi_r1_c1_brain_local_var_slice_std,-0.3692396448596925,0.3692396448596925
T1_ONLY,mci_spectrum_vs_ad,linear_svm,roi_r0_c2_brain_local_var_slice_std,-0.3669026059902089,0.3669026059902089
T1_ONLY,mci_spectrum_vs_ad,linear_svm,roi_r0_c1_brain_std_slice_std,-0.35974473143027463,0.35974473143027463
T1_ONLY,mci_spectrum_vs_ad,linear_svm,roi_r1_c2_wm_count_slice_std,0.3455867643562397,0.3455867643562397
T1_ONLY,mci_spectrum_vs_ad,linear_svm,roi_r1_c0_wm_std_slice_std,-0.3283275617640002,0.3283275617640002
T1_ONLY,mci_spectrum_vs_ad,linear_svm,roi_r0_c2_wm_local_var_slice_std,-0.3265155796642296,0.3265155796642296
T1_ONLY,mci_spectrum_vs_ad,linear_svm,roi_r0_c2_brain_p90_slice_std,-0.32248247838133914,0.32248247838133914
T1_ONLY,mci_spectrum_vs_ad,linear_svm,roi_r0_c2_wm_std_slice_std,0.30988941373772283,0.30988941373772283
T1_ONLY,mci_spectrum_vs_ad,linear_svm,roi_r1_c1_brain_mean_slice_std,0.3016506831178402,0.3016506831178402
T1_ONLY,mci_spectrum_vs_ad,linear_svm,roi_r0_c1_brain_count_slice_std,0.29532828208693174,0.29532828208693174
T1_ONLY,mci_spectrum_vs_ad,linear_svm,roi_r0_c0_wm_p90_slice_std,0.2932050827100195,0.2932050827100195
T1_ONLY,mci_spectrum_vs_ad,linear_svm,roi_r1_c1_wm_p90_slice_std,-0.29173702252490763,0.29173702252490763
T1_ONLY,mci_spectrum_vs_ad,linear_svm,roi_r1_c2_brain_grad_mean_slice_std,-0.29047524148278625,0.29047524148278625
T1_ONLY,mci_spectrum_vs_ad,linear_svm,roi_r1_c1_brain_p10_slice_std,0.2900344609463715,0.2900344609463715
T1_ONLY,mci_spectrum_vs_ad,linear_svm,roi_r1_c2_brain_mean_slice_std,-0.2878038030697737,0.2878038030697737
T1_ONLY,mci_spectrum_vs_ad,linear_svm,roi_r0_c2_wm_p90_slice_std,-0.28617002832751237,0.28617002832751237
