dataset,result_family,protocol,method,task,n_train_subjects,n_test_subjects,n_train_slices,n_test_slices,accuracy,macro_auc,macro_f1,macro_f1_std,source_file,fairness_note
ADNI,latest_full_train_test_MIL,attention_mil,T1_ONLY,cn_vs_ad,167,48,8350,2400,0.9375,0.8372093023255813,0.768860353130016,,outputs\icdm2026\downstream_adni_final_a080_ds_full_complete\classification_subject_summary.csv,Subject-level train/test split with subject-level aggregation. Includes only methods with train+test prediction folders.
ADNI,latest_full_train_test_MIL,attention_mil,ADNI_OLD_FIDELITY_FLOW,cn_vs_ad,167,48,8350,2400,0.8333333333333334,0.786046511627907,0.6655052264808362,,outputs\icdm2026\downstream_adni_final_a080_ds_full_complete\classification_subject_summary.csv,Subject-level train/test split with subject-level aggregation. Includes only methods with train+test prediction folders.
ADNI,latest_full_train_test_MIL,attention_mil,FA_GT,cn_vs_ad,167,48,8350,2400,0.8333333333333334,0.6744186046511629,0.6190476190476191,,outputs\icdm2026\downstream_adni_final_a080_ds_full_complete\classification_subject_summary.csv,Subject-level train/test split with subject-level aggregation. Includes only methods with train+test prediction folders.
ADNI,latest_full_train_test_MIL,attention_mil,ADNI_A080_BASE,cn_vs_ad,167,48,8350,2400,0.6875,0.7162790697674419,0.5428571428571429,,outputs\icdm2026\downstream_adni_final_a080_ds_full_complete\classification_subject_summary.csv,Subject-level train/test split with subject-level aggregation. Includes only methods with train+test prediction folders.
ADNI,latest_full_train_test_MIL,attention_mil,ADNI_A080_DS_FULL,cn_vs_ad,167,48,8350,2400,0.6666666666666666,0.7767441860465116,0.5282555282555282,,outputs\icdm2026\downstream_adni_final_a080_ds_full_complete\classification_subject_summary.csv,Subject-level train/test split with subject-level aggregation. Includes only methods with train+test prediction folders.
ADNI,latest_full_train_test_MIL,multi_task_mil,ADNI_OLD_FIDELITY_FLOW,cn_vs_ad,272,48,13600,3900,0.8958333333333334,0.8558139534883721,0.7433155080213903,,outputs\icdm2026\downstream_adni_final_a080_ds_full_complete\classification_subject_summary.csv,Subject-level train/test split with subject-level aggregation. Includes only methods with train+test prediction folders.
ADNI,latest_full_train_test_MIL,multi_task_mil,FA_GT,cn_vs_ad,272,48,13600,3900,0.8958333333333334,0.7953488372093023,0.6934865900383141,,outputs\icdm2026\downstream_adni_final_a080_ds_full_complete\classification_subject_summary.csv,Subject-level train/test split with subject-level aggregation. Includes only methods with train+test prediction folders.
ADNI,latest_full_train_test_MIL,multi_task_mil,T1_ONLY,cn_vs_ad,272,48,13600,3900,0.8541666666666666,0.8186046511627907,0.6886005560704356,,outputs\icdm2026\downstream_adni_final_a080_ds_full_complete\classification_subject_summary.csv,Subject-level train/test split with subject-level aggregation. Includes only methods with train+test prediction folders.
ADNI,latest_full_train_test_MIL,multi_task_mil,ADNI_A080_DS_FULL,cn_vs_ad,272,48,13600,3900,0.8125,0.8465116279069766,0.5996292863762743,,outputs\icdm2026\downstream_adni_final_a080_ds_full_complete\classification_subject_summary.csv,Subject-level train/test split with subject-level aggregation. Includes only methods with train+test prediction folders.
ADNI,latest_full_train_test_MIL,multi_task_mil,ADNI_A080_BASE,cn_vs_ad,272,48,13600,3900,0.7916666666666666,0.8093023255813954,0.625,,outputs\icdm2026\downstream_adni_final_a080_ds_full_complete\classification_subject_summary.csv,Subject-level train/test split with subject-level aggregation. Includes only methods with train+test prediction folders.
ADNI,latest_full_train_test_MIL,slice_svm_vote,ADNI_A080_BASE,cn_vs_ad,167,48,8350,2400,0.8125,0.8372093023255814,0.6444444444444444,,outputs\icdm2026\downstream_adni_final_a080_ds_full_complete\classification_subject_summary.csv,Subject-level train/test split with subject-level aggregation. Includes only methods with train+test prediction folders.
ADNI,latest_full_train_test_MIL,slice_svm_vote,T1_ONLY,cn_vs_ad,167,48,8350,2400,0.8125,0.8139534883720931,0.6444444444444444,,outputs\icdm2026\downstream_adni_final_a080_ds_full_complete\classification_subject_summary.csv,Subject-level train/test split with subject-level aggregation. Includes only methods with train+test prediction folders.
ADNI,latest_full_train_test_MIL,slice_svm_vote,ADNI_A080_DS_FULL,cn_vs_ad,167,48,8350,2400,0.7916666666666666,0.827906976744186,0.625,,outputs\icdm2026\downstream_adni_final_a080_ds_full_complete\classification_subject_summary.csv,Subject-level train/test split with subject-level aggregation. Includes only methods with train+test prediction folders.
ADNI,latest_full_train_test_MIL,slice_svm_vote,ADNI_OLD_FIDELITY_FLOW,cn_vs_ad,167,48,8350,2400,0.7916666666666666,0.827906976744186,0.625,,outputs\icdm2026\downstream_adni_final_a080_ds_full_complete\classification_subject_summary.csv,Subject-level train/test split with subject-level aggregation. Includes only methods with train+test prediction folders.
ADNI,latest_full_train_test_MIL,slice_svm_vote,FA_GT,cn_vs_ad,167,48,8350,2400,0.7083333333333334,0.7674418604651162,0.5213675213675213,,outputs\icdm2026\downstream_adni_final_a080_ds_full_complete\classification_subject_summary.csv,Subject-level train/test split with subject-level aggregation. Includes only methods with train+test prediction folders.
ADNI,latest_full_train_test_MIL,attention_mil,ADNI_A080_DS_FULL,cn_vs_mci_spectrum,255,73,12750,3650,0.6301369863013698,0.6899224806201552,0.6298591549295774,,outputs\icdm2026\downstream_adni_final_a080_ds_full_complete\classification_subject_summary.csv,Subject-level train/test split with subject-level aggregation. Includes only methods with train+test prediction folders.
ADNI,latest_full_train_test_MIL,attention_mil,ADNI_OLD_FIDELITY_FLOW,cn_vs_mci_spectrum,255,73,12750,3650,0.6164383561643836,0.6852713178294574,0.6105182926829269,,outputs\icdm2026\downstream_adni_final_a080_ds_full_complete\classification_subject_summary.csv,Subject-level train/test split with subject-level aggregation. Includes only methods with train+test prediction folders.
ADNI,latest_full_train_test_MIL,attention_mil,ADNI_A080_BASE,cn_vs_mci_spectrum,255,73,12750,3650,0.589041095890411,0.6751937984496124,0.5826981707317074,,outputs\icdm2026\downstream_adni_final_a080_ds_full_complete\classification_subject_summary.csv,Subject-level train/test split with subject-level aggregation. Includes only methods with train+test prediction folders.
ADNI,latest_full_train_test_MIL,attention_mil,FA_GT,cn_vs_mci_spectrum,255,73,12750,3650,0.547945205479452,0.5976744186046512,0.5448705837899113,,outputs\icdm2026\downstream_adni_final_a080_ds_full_complete\classification_subject_summary.csv,Subject-level train/test split with subject-level aggregation. Includes only methods with train+test prediction folders.
ADNI,latest_full_train_test_MIL,attention_mil,T1_ONLY,cn_vs_mci_spectrum,255,73,12750,3650,0.5205479452054794,0.6333333333333333,0.5172869828074815,,outputs\icdm2026\downstream_adni_final_a080_ds_full_complete\classification_subject_summary.csv,Subject-level train/test split with subject-level aggregation. Includes only methods with train+test prediction folders.
ADNI,latest_full_train_test_MIL,multi_task_mil,ADNI_A080_DS_FULL,cn_vs_mci_spectrum,272,73,13600,3900,0.6712328767123288,0.7,0.6275510204081632,,outputs\icdm2026\downstream_adni_final_a080_ds_full_complete\classification_subject_summary.csv,Subject-level train/test split with subject-level aggregation. Includes only methods with train+test prediction folders.
ADNI,latest_full_train_test_MIL,multi_task_mil,ADNI_OLD_FIDELITY_FLOW,cn_vs_mci_spectrum,272,73,13600,3900,0.6438356164383562,0.7069767441860465,0.6045833333333333,,outputs\icdm2026\downstream_adni_final_a080_ds_full_complete\classification_subject_summary.csv,Subject-level train/test split with subject-level aggregation. Includes only methods with train+test prediction folders.
ADNI,latest_full_train_test_MIL,multi_task_mil,FA_GT,cn_vs_mci_spectrum,272,73,13600,3900,0.6301369863013698,0.7162790697674419,0.600121728545344,,outputs\icdm2026\downstream_adni_final_a080_ds_full_complete\classification_subject_summary.csv,Subject-level train/test split with subject-level aggregation. Includes only methods with train+test prediction folders.
ADNI,latest_full_train_test_MIL,multi_task_mil,ADNI_A080_BASE,cn_vs_mci_spectrum,272,73,13600,3900,0.6164383561643836,0.6852713178294574,0.60752688172043,,outputs\icdm2026\downstream_adni_final_a080_ds_full_complete\classification_subject_summary.csv,Subject-level train/test split with subject-level aggregation. Includes only methods with train+test prediction folders.
ADNI,latest_full_train_test_MIL,multi_task_mil,T1_ONLY,cn_vs_mci_spectrum,272,73,13600,3900,0.4931506849315068,0.6395348837209301,0.4927699530516432,,outputs\icdm2026\downstream_adni_final_a080_ds_full_complete\classification_subject_summary.csv,Subject-level train/test split with subject-level aggregation. Includes only methods with train+test prediction folders.
ADNI,latest_full_train_test_MIL,slice_svm_vote,FA_GT,cn_vs_mci_spectrum,255,73,12750,3650,0.6438356164383562,0.6170542635658915,0.6234126984126984,,outputs\icdm2026\downstream_adni_final_a080_ds_full_complete\classification_subject_summary.csv,Subject-level train/test split with subject-level aggregation. Includes only methods with train+test prediction folders.
ADNI,latest_full_train_test_MIL,slice_svm_vote,ADNI_A080_BASE,cn_vs_mci_spectrum,255,73,12750,3650,0.6164383561643836,0.6844961240310078,0.5995297805642633,,outputs\icdm2026\downstream_adni_final_a080_ds_full_complete\classification_subject_summary.csv,Subject-level train/test split with subject-level aggregation. Includes only methods with train+test prediction folders.
ADNI,latest_full_train_test_MIL,slice_svm_vote,ADNI_OLD_FIDELITY_FLOW,cn_vs_mci_spectrum,255,73,12750,3650,0.6027397260273972,0.6511627906976744,0.5826926867731126,,outputs\icdm2026\downstream_adni_final_a080_ds_full_complete\classification_subject_summary.csv,Subject-level train/test split with subject-level aggregation. Includes only methods with train+test prediction folders.
ADNI,latest_full_train_test_MIL,slice_svm_vote,ADNI_A080_DS_FULL,cn_vs_mci_spectrum,255,73,12750,3650,0.589041095890411,0.6689922480620156,0.5654761904761905,,outputs\icdm2026\downstream_adni_final_a080_ds_full_complete\classification_subject_summary.csv,Subject-level train/test split with subject-level aggregation. Includes only methods with train+test prediction folders.
ADNI,latest_full_train_test_MIL,slice_svm_vote,T1_ONLY,cn_vs_mci_spectrum,255,73,12750,3650,0.5616438356164384,0.6387596899224807,0.5548780487804879,,outputs\icdm2026\downstream_adni_final_a080_ds_full_complete\classification_subject_summary.csv,Subject-level train/test split with subject-level aggregation. Includes only methods with train+test prediction folders.
ADNI,latest_full_train_test_MIL,attention_mil,ADNI_A080_BASE,mci_spectrum_vs_ad,122,35,6100,1750,0.8857142857142857,0.5466666666666667,0.6354166666666666,,outputs\icdm2026\downstream_adni_final_a080_ds_full_complete\classification_subject_summary.csv,Subject-level train/test split with subject-level aggregation. Includes only methods with train+test prediction folders.
ADNI,latest_full_train_test_MIL,attention_mil,FA_GT,mci_spectrum_vs_ad,122,35,6100,1750,0.8571428571428571,0.5866666666666667,0.6812386156648451,,outputs\icdm2026\downstream_adni_final_a080_ds_full_complete\classification_subject_summary.csv,Subject-level train/test split with subject-level aggregation. Includes only methods with train+test prediction folders.
ADNI,latest_full_train_test_MIL,attention_mil,T1_ONLY,mci_spectrum_vs_ad,122,35,6100,1750,0.6857142857142857,0.6533333333333333,0.48043184885290147,,outputs\icdm2026\downstream_adni_final_a080_ds_full_complete\classification_subject_summary.csv,Subject-level train/test split with subject-level aggregation. Includes only methods with train+test prediction folders.
ADNI,latest_full_train_test_MIL,attention_mil,ADNI_A080_DS_FULL,mci_spectrum_vs_ad,122,35,6100,1750,0.6,0.5533333333333333,0.51,,outputs\icdm2026\downstream_adni_final_a080_ds_full_complete\classification_subject_summary.csv,Subject-level train/test split with subject-level aggregation. Includes only methods with train+test prediction folders.
ADNI,latest_full_train_test_MIL,attention_mil,ADNI_OLD_FIDELITY_FLOW,mci_spectrum_vs_ad,122,35,6100,1750,0.14285714285714285,0.54,0.125,,outputs\icdm2026\downstream_adni_final_a080_ds_full_complete\classification_subject_summary.csv,Subject-level train/test split with subject-level aggregation. Includes only methods with train+test prediction folders.
ADNI,latest_full_train_test_MIL,multi_task_mil,FA_GT,mci_spectrum_vs_ad,272,35,13600,3900,0.8285714285714286,0.6266666666666667,0.453125,,outputs\icdm2026\downstream_adni_final_a080_ds_full_complete\classification_subject_summary.csv,Subject-level train/test split with subject-level aggregation. Includes only methods with train+test prediction folders.
ADNI,latest_full_train_test_MIL,multi_task_mil,ADNI_A080_DS_FULL,mci_spectrum_vs_ad,272,35,13600,3900,0.8,0.6933333333333334,0.5537340619307832,,outputs\icdm2026\downstream_adni_final_a080_ds_full_complete\classification_subject_summary.csv,Subject-level train/test split with subject-level aggregation. Includes only methods with train+test prediction folders.
ADNI,latest_full_train_test_MIL,multi_task_mil,ADNI_OLD_FIDELITY_FLOW,mci_spectrum_vs_ad,272,35,13600,3900,0.8,0.6333333333333333,0.5537340619307832,,outputs\icdm2026\downstream_adni_final_a080_ds_full_complete\classification_subject_summary.csv,Subject-level train/test split with subject-level aggregation. Includes only methods with train+test prediction folders.
ADNI,latest_full_train_test_MIL,multi_task_mil,ADNI_A080_BASE,mci_spectrum_vs_ad,272,35,13600,3900,0.7714285714285715,0.6333333333333334,0.43548387096774194,,outputs\icdm2026\downstream_adni_final_a080_ds_full_complete\classification_subject_summary.csv,Subject-level train/test split with subject-level aggregation. Includes only methods with train+test prediction folders.
ADNI,latest_full_train_test_MIL,multi_task_mil,T1_ONLY,mci_spectrum_vs_ad,272,35,13600,3900,0.6857142857142857,0.7066666666666667,0.5726970033296338,,outputs\icdm2026\downstream_adni_final_a080_ds_full_complete\classification_subject_summary.csv,Subject-level train/test split with subject-level aggregation. Includes only methods with train+test prediction folders.
ADNI,latest_full_train_test_MIL,slice_svm_vote,ADNI_A080_BASE,mci_spectrum_vs_ad,122,35,6100,1750,0.8571428571428571,0.7266666666666667,0.7303543913713405,,outputs\icdm2026\downstream_adni_final_a080_ds_full_complete\classification_subject_summary.csv,Subject-level train/test split with subject-level aggregation. Includes only methods with train+test prediction folders.
ADNI,latest_full_train_test_MIL,slice_svm_vote,ADNI_A080_DS_FULL,mci_spectrum_vs_ad,122,35,6100,1750,0.8285714285714286,0.7466666666666667,0.6982758620689655,,outputs\icdm2026\downstream_adni_final_a080_ds_full_complete\classification_subject_summary.csv,Subject-level train/test split with subject-level aggregation. Includes only methods with train+test prediction folders.
ADNI,latest_full_train_test_MIL,slice_svm_vote,ADNI_OLD_FIDELITY_FLOW,mci_spectrum_vs_ad,122,35,6100,1750,0.7714285714285715,0.7333333333333334,0.6428571428571428,,outputs\icdm2026\downstream_adni_final_a080_ds_full_complete\classification_subject_summary.csv,Subject-level train/test split with subject-level aggregation. Includes only methods with train+test prediction folders.
ADNI,latest_full_train_test_MIL,slice_svm_vote,T1_ONLY,mci_spectrum_vs_ad,122,35,6100,1750,0.6571428571428571,0.64,0.5138888888888888,,outputs\icdm2026\downstream_adni_final_a080_ds_full_complete\classification_subject_summary.csv,Subject-level train/test split with subject-level aggregation. Includes only methods with train+test prediction folders.
ADNI,latest_full_train_test_MIL,slice_svm_vote,FA_GT,mci_spectrum_vs_ad,122,35,6100,1750,0.5714285714285714,0.7,0.41731409544950054,,outputs\icdm2026\downstream_adni_final_a080_ds_full_complete\classification_subject_summary.csv,Subject-level train/test split with subject-level aggregation. Includes only methods with train+test prediction folders.
ADNI,latest_test_split_subject_CV,5fold_repeated_subject_cv,T1_ONLY,cn_vs_mci_spectrum,,73,,,0.5835616438356165,0.6017054263565891,0.5696346107753257,0.020103388435509132,outputs\icdm2026\downstream_adni_final_a080_ds_full_complete\classification_repeated_summary.csv,Subject-level CV inside ADNI test split; used only to include baselines without train-full prediction folders.
ADNI,latest_test_split_subject_CV,5fold_repeated_subject_cv,T1_ONLY,cn_vs_ad,,48,,,0.7916666666666667,0.7413953488372094,0.5215991259082914,0.05247275631005111,outputs\icdm2026\downstream_adni_final_a080_ds_full_complete\classification_repeated_summary.csv,Subject-level CV inside ADNI test split; used only to include baselines without train-full prediction folders.
ADNI,latest_test_split_subject_CV,5fold_repeated_subject_cv,T1_ONLY,mci_spectrum_vs_ad,,35,,,0.6914285714285715,0.3866666666666666,0.42197612628505715,0.027752593306871184,outputs\icdm2026\downstream_adni_final_a080_ds_full_complete\classification_repeated_summary.csv,Subject-level CV inside ADNI test split; used only to include baselines without train-full prediction folders.
ADNI,latest_test_split_subject_CV,5fold_repeated_subject_cv,ADNI_A080_DS_FULL,cn_vs_mci_spectrum,,73,,,0.5808219178082192,0.534108527131783,0.5540326085697252,0.05950496469261103,outputs\icdm2026\downstream_adni_final_a080_ds_full_complete\classification_repeated_summary.csv,Subject-level CV inside ADNI test split; used only to include baselines without train-full prediction folders.
ADNI,latest_test_split_subject_CV,5fold_repeated_subject_cv,ADNI_A080_DS_FULL,cn_vs_ad,,48,,,0.75,0.6139534883720931,0.5209298611833284,0.04540227209122731,outputs\icdm2026\downstream_adni_final_a080_ds_full_complete\classification_repeated_summary.csv,Subject-level CV inside ADNI test split; used only to include baselines without train-full prediction folders.
ADNI,latest_test_split_subject_CV,5fold_repeated_subject_cv,ADNI_A080_DS_FULL,mci_spectrum_vs_ad,,35,,,0.7314285714285715,0.45066666666666666,0.46975507346078116,0.07215351848745519,outputs\icdm2026\downstream_adni_final_a080_ds_full_complete\classification_repeated_summary.csv,Subject-level CV inside ADNI test split; used only to include baselines without train-full prediction folders.
ADNI,latest_test_split_subject_CV,5fold_repeated_subject_cv,ADNI_A080_BASE,cn_vs_mci_spectrum,,73,,,0.5561643835616439,0.5468217054263567,0.5280129230265611,0.057170082489418024,outputs\icdm2026\downstream_adni_final_a080_ds_full_complete\classification_repeated_summary.csv,Subject-level CV inside ADNI test split; used only to include baselines without train-full prediction folders.
ADNI,latest_test_split_subject_CV,5fold_repeated_subject_cv,ADNI_A080_BASE,cn_vs_ad,,48,,,0.7208333333333333,0.4800000000000001,0.5002405531620456,0.020311506179836743,outputs\icdm2026\downstream_adni_final_a080_ds_full_complete\classification_repeated_summary.csv,Subject-level CV inside ADNI test split; used only to include baselines without train-full prediction folders.
ADNI,latest_test_split_subject_CV,5fold_repeated_subject_cv,ADNI_A080_BASE,mci_spectrum_vs_ad,,35,,,0.6114285714285714,0.2906666666666667,0.40435147211463,0.042610842219331264,outputs\icdm2026\downstream_adni_final_a080_ds_full_complete\classification_repeated_summary.csv,Subject-level CV inside ADNI test split; used only to include baselines without train-full prediction folders.
ADNI,latest_test_split_subject_CV,5fold_repeated_subject_cv,ADNI_OLD_FIDELITY_FLOW,cn_vs_mci_spectrum,,73,,,0.5506849315068493,0.5570542635658915,0.5334389076975887,0.03489246118080263,outputs\icdm2026\downstream_adni_final_a080_ds_full_complete\classification_repeated_summary.csv,Subject-level CV inside ADNI test split; used only to include baselines without train-full prediction folders.
ADNI,latest_test_split_subject_CV,5fold_repeated_subject_cv,ADNI_OLD_FIDELITY_FLOW,cn_vs_ad,,48,,,0.7208333333333333,0.6381395348837209,0.5117935621411736,0.03996006929649895,outputs\icdm2026\downstream_adni_final_a080_ds_full_complete\classification_repeated_summary.csv,Subject-level CV inside ADNI test split; used only to include baselines without train-full prediction folders.
ADNI,latest_test_split_subject_CV,5fold_repeated_subject_cv,ADNI_OLD_FIDELITY_FLOW,mci_spectrum_vs_ad,,35,,,0.7028571428571428,0.6546666666666667,0.472003744522414,0.0970104291110691,outputs\icdm2026\downstream_adni_final_a080_ds_full_complete\classification_repeated_summary.csv,Subject-level CV inside ADNI test split; used only to include baselines without train-full prediction folders.
ADNI,latest_test_split_subject_CV,5fold_repeated_subject_cv,ADNI_UNET,cn_vs_mci_spectrum,,73,,,0.5808219178082192,0.6198449612403102,0.5681578812705926,0.027104200308635504,outputs\icdm2026\downstream_adni_final_a080_ds_full_complete\classification_repeated_summary.csv,Subject-level CV inside ADNI test split; used only to include baselines without train-full prediction folders.
ADNI,latest_test_split_subject_CV,5fold_repeated_subject_cv,ADNI_UNET,cn_vs_ad,,48,,,0.6333333333333333,0.3637209302325581,0.43344306277817274,0.029625033749205144,outputs\icdm2026\downstream_adni_final_a080_ds_full_complete\classification_repeated_summary.csv,Subject-level CV inside ADNI test split; used only to include baselines without train-full prediction folders.
ADNI,latest_test_split_subject_CV,5fold_repeated_subject_cv,ADNI_UNET,mci_spectrum_vs_ad,,35,,,0.6799999999999999,0.4706666666666667,0.47776412366125987,0.027180810665936875,outputs\icdm2026\downstream_adni_final_a080_ds_full_complete\classification_repeated_summary.csv,Subject-level CV inside ADNI test split; used only to include baselines without train-full prediction folders.
ADNI,latest_test_split_subject_CV,5fold_repeated_subject_cv,ADNI_PIX2PIX,cn_vs_mci_spectrum,,73,,,0.6082191780821917,0.6189147286821706,0.6018315797031806,0.039359291811024565,outputs\icdm2026\downstream_adni_final_a080_ds_full_complete\classification_repeated_summary.csv,Subject-level CV inside ADNI test split; used only to include baselines without train-full prediction folders.
ADNI,latest_test_split_subject_CV,5fold_repeated_subject_cv,ADNI_PIX2PIX,cn_vs_ad,,48,,,0.7000000000000001,0.49116279069767443,0.5375292921241324,0.024591922636317622,outputs\icdm2026\downstream_adni_final_a080_ds_full_complete\classification_repeated_summary.csv,Subject-level CV inside ADNI test split; used only to include baselines without train-full prediction folders.
ADNI,latest_test_split_subject_CV,5fold_repeated_subject_cv,ADNI_PIX2PIX,mci_spectrum_vs_ad,,35,,,0.5599999999999999,0.2866666666666666,0.41083531779698523,0.0426107512142123,outputs\icdm2026\downstream_adni_final_a080_ds_full_complete\classification_repeated_summary.csv,Subject-level CV inside ADNI test split; used only to include baselines without train-full prediction folders.
ADNI,latest_test_split_subject_CV,5fold_repeated_subject_cv,ADNI_CYCLEGAN,cn_vs_mci_spectrum,,73,,,0.45205479452054786,0.4427906976744186,0.4444516226575964,0.025188348353642327,outputs\icdm2026\downstream_adni_final_a080_ds_full_complete\classification_repeated_summary.csv,Subject-level CV inside ADNI test split; used only to include baselines without train-full prediction folders.
ADNI,latest_test_split_subject_CV,5fold_repeated_subject_cv,ADNI_CYCLEGAN,cn_vs_ad,,48,,,0.6916666666666667,0.5116279069767442,0.511097288676236,0.024479858024795235,outputs\icdm2026\downstream_adni_final_a080_ds_full_complete\classification_repeated_summary.csv,Subject-level CV inside ADNI test split; used only to include baselines without train-full prediction folders.
ADNI,latest_test_split_subject_CV,5fold_repeated_subject_cv,ADNI_CYCLEGAN,mci_spectrum_vs_ad,,35,,,0.6057142857142856,0.31466666666666665,0.40300865800865804,0.04926408828429551,outputs\icdm2026\downstream_adni_final_a080_ds_full_complete\classification_repeated_summary.csv,Subject-level CV inside ADNI test split; used only to include baselines without train-full prediction folders.
ADNI,latest_test_split_subject_CV,5fold_repeated_subject_cv,FA_GT,cn_vs_mci_spectrum,,73,,,0.6,0.6072868217054264,0.5930658300810416,0.028731160893960876,outputs\icdm2026\downstream_adni_final_a080_ds_full_complete\classification_repeated_summary.csv,Subject-level CV inside ADNI test split; used only to include baselines without train-full prediction folders.
ADNI,latest_test_split_subject_CV,5fold_repeated_subject_cv,FA_GT,cn_vs_ad,,48,,,0.7791666666666667,0.7879069767441861,0.6056147092522677,0.012908919021008833,outputs\icdm2026\downstream_adni_final_a080_ds_full_complete\classification_repeated_summary.csv,Subject-level CV inside ADNI test split; used only to include baselines without train-full prediction folders.
ADNI,latest_test_split_subject_CV,5fold_repeated_subject_cv,FA_GT,mci_spectrum_vs_ad,,35,,,0.7657142857142857,0.716,0.6213421666053245,0.04726649674461144,outputs\icdm2026\downstream_adni_final_a080_ds_full_complete\classification_repeated_summary.csv,Subject-level CV inside ADNI test split; used only to include baselines without train-full prediction folders.
Private,existing_train_test_MIL,attention_mil,FidelityFlow,cn_vs_ad,81,21,4050,1050,0.8571428571428571,0.8382352941176471,0.7878787878787878,,outputs\icdm2026\downstream_private_slice_mil_finalpdf_train_test_seed2026\classification_subject_summary.csv,Existing private train/test MIL result; no new training performed.
Private,existing_train_test_MIL,attention_mil,T1_PLUS_Ours,cn_vs_ad,81,21,4050,1050,0.8571428571428571,0.8235294117647058,0.7878787878787878,,outputs\icdm2026\downstream_private_slice_mil_finalpdf_train_test_seed2026\classification_subject_summary.csv,Existing private train/test MIL result; no new training performed.
Private,existing_train_test_MIL,attention_mil,T1_PLUS_Stage1,cn_vs_ad,81,21,4050,1050,0.8571428571428571,0.7794117647058824,0.7878787878787878,,outputs\icdm2026\downstream_private_slice_mil_finalpdf_train_test_seed2026\classification_subject_summary.csv,Existing private train/test MIL result; no new training performed.
Private,existing_train_test_MIL,attention_mil,FA_GT,cn_vs_ad,81,21,4050,1050,0.8571428571428571,0.7647058823529411,0.7428571428571429,,outputs\icdm2026\downstream_private_slice_mil_finalpdf_train_test_seed2026\classification_subject_summary.csv,Existing private train/test MIL result; no new training performed.
Private,existing_train_test_MIL,attention_mil,T1_PLUS_GT,cn_vs_ad,81,21,4050,1050,0.8571428571428571,0.6911764705882353,0.6594594594594595,,outputs\icdm2026\downstream_private_slice_mil_finalpdf_train_test_seed2026\classification_subject_summary.csv,Existing private train/test MIL result; no new training performed.
Private,existing_train_test_MIL,attention_mil,UNet,cn_vs_ad,81,21,4050,1050,0.8095238095238095,0.9117647058823529,0.7666666666666666,,outputs\icdm2026\downstream_private_slice_mil_finalpdf_train_test_seed2026\classification_subject_summary.csv,Existing private train/test MIL result; no new training performed.
Private,existing_train_test_MIL,attention_mil,Stage1,cn_vs_ad,81,21,4050,1050,0.7142857142857143,0.9411764705882353,0.6785714285714286,,outputs\icdm2026\downstream_private_slice_mil_finalpdf_train_test_seed2026\classification_subject_summary.csv,Existing private train/test MIL result; no new training performed.
Private,existing_train_test_MIL,attention_mil,Pix2Pix,cn_vs_ad,81,21,4050,1050,0.6666666666666666,0.8970588235294117,0.6100795755968169,,outputs\icdm2026\downstream_private_slice_mil_finalpdf_train_test_seed2026\classification_subject_summary.csv,Existing private train/test MIL result; no new training performed.
Private,existing_train_test_MIL,attention_mil,CycleGAN,cn_vs_ad,81,21,4050,1050,0.6666666666666666,0.75,0.6100795755968169,,outputs\icdm2026\downstream_private_slice_mil_finalpdf_train_test_seed2026\classification_subject_summary.csv,Existing private train/test MIL result; no new training performed.
Private,existing_train_test_MIL,attention_mil,T1_PLUS_UNet,cn_vs_ad,81,21,4050,1050,0.47619047619047616,0.8235294117647058,0.4564705882352942,,outputs\icdm2026\downstream_private_slice_mil_finalpdf_train_test_seed2026\classification_subject_summary.csv,Existing private train/test MIL result; no new training performed.
Private,existing_train_test_MIL,attention_mil,T1_PLUS_CycleGAN,cn_vs_ad,81,21,4050,1050,0.47619047619047616,0.8088235294117647,0.4564705882352942,,outputs\icdm2026\downstream_private_slice_mil_finalpdf_train_test_seed2026\classification_subject_summary.csv,Existing private train/test MIL result; no new training performed.
Private,existing_train_test_MIL,attention_mil,T1_PLUS_Pix2Pix,cn_vs_ad,81,21,4050,1050,0.42857142857142855,0.8088235294117647,0.41666666666666663,,outputs\icdm2026\downstream_private_slice_mil_finalpdf_train_test_seed2026\classification_subject_summary.csv,Existing private train/test MIL result; no new training performed.
Private,existing_train_test_MIL,attention_mil,T1_ONLY,cn_vs_ad,81,21,4050,1050,0.3333333333333333,0.7794117647058824,0.3318181818181818,,outputs\icdm2026\downstream_private_slice_mil_finalpdf_train_test_seed2026\classification_subject_summary.csv,Existing private train/test MIL result; no new training performed.
Private,existing_train_test_MIL,multi_task_mil,T1_PLUS_UNet,cn_vs_ad,130,21,6500,1600,0.9523809523809523,0.8235294117647058,0.9142857142857143,,outputs\icdm2026\downstream_private_slice_mil_finalpdf_train_test_seed2026\classification_subject_summary.csv,Existing private train/test MIL result; no new training performed.
Private,existing_train_test_MIL,multi_task_mil,T1_ONLY,cn_vs_ad,130,21,6500,1600,0.9523809523809523,0.8088235294117647,0.9142857142857143,,outputs\icdm2026\downstream_private_slice_mil_finalpdf_train_test_seed2026\classification_subject_summary.csv,Existing private train/test MIL result; no new training performed.
Private,existing_train_test_MIL,multi_task_mil,T1_PLUS_GT,cn_vs_ad,130,21,6500,1600,0.9047619047619048,0.9117647058823528,0.8055555555555556,,outputs\icdm2026\downstream_private_slice_mil_finalpdf_train_test_seed2026\classification_subject_summary.csv,Existing private train/test MIL result; no new training performed.
Private,existing_train_test_MIL,multi_task_mil,T1_PLUS_Pix2Pix,cn_vs_ad,130,21,6500,1600,0.9047619047619048,0.8823529411764706,0.8455882352941176,,outputs\icdm2026\downstream_private_slice_mil_finalpdf_train_test_seed2026\classification_subject_summary.csv,Existing private train/test MIL result; no new training performed.
Private,existing_train_test_MIL,multi_task_mil,UNet,cn_vs_ad,130,21,6500,1600,0.8571428571428571,0.8529411764705883,0.7428571428571429,,outputs\icdm2026\downstream_private_slice_mil_finalpdf_train_test_seed2026\classification_subject_summary.csv,Existing private train/test MIL result; no new training performed.
Private,existing_train_test_MIL,multi_task_mil,Pix2Pix,cn_vs_ad,130,21,6500,1600,0.8571428571428571,0.8529411764705882,0.7428571428571429,,outputs\icdm2026\downstream_private_slice_mil_finalpdf_train_test_seed2026\classification_subject_summary.csv,Existing private train/test MIL result; no new training performed.
Private,existing_train_test_MIL,multi_task_mil,T1_PLUS_CycleGAN,cn_vs_ad,130,21,6500,1600,0.8571428571428571,0.7941176470588235,0.7878787878787878,,outputs\icdm2026\downstream_private_slice_mil_finalpdf_train_test_seed2026\classification_subject_summary.csv,Existing private train/test MIL result; no new training performed.
Private,existing_train_test_MIL,multi_task_mil,CycleGAN,cn_vs_ad,130,21,6500,1600,0.8571428571428571,0.7794117647058824,0.7878787878787878,,outputs\icdm2026\downstream_private_slice_mil_finalpdf_train_test_seed2026\classification_subject_summary.csv,Existing private train/test MIL result; no new training performed.
Private,existing_train_test_MIL,multi_task_mil,FA_GT,cn_vs_ad,130,21,6500,1600,0.8571428571428571,0.5588235294117647,0.7428571428571429,,outputs\icdm2026\downstream_private_slice_mil_finalpdf_train_test_seed2026\classification_subject_summary.csv,Existing private train/test MIL result; no new training performed.
Private,existing_train_test_MIL,multi_task_mil,FidelityFlow,cn_vs_ad,130,21,6500,1600,0.8095238095238095,0.7205882352941176,0.6911764705882353,,outputs\icdm2026\downstream_private_slice_mil_finalpdf_train_test_seed2026\classification_subject_summary.csv,Existing private train/test MIL result; no new training performed.
Private,existing_train_test_MIL,multi_task_mil,Stage1,cn_vs_ad,130,21,6500,1600,0.7619047619047619,0.7941176470588236,0.6464646464646464,,outputs\icdm2026\downstream_private_slice_mil_finalpdf_train_test_seed2026\classification_subject_summary.csv,Existing private train/test MIL result; no new training performed.
Private,existing_train_test_MIL,multi_task_mil,T1_PLUS_Ours,cn_vs_ad,130,21,6500,1600,0.7619047619047619,0.7794117647058822,0.6464646464646464,,outputs\icdm2026\downstream_private_slice_mil_finalpdf_train_test_seed2026\classification_subject_summary.csv,Existing private train/test MIL result; no new training performed.
Private,existing_train_test_MIL,multi_task_mil,T1_PLUS_Stage1,cn_vs_ad,130,21,6500,1600,0.7142857142857143,0.6617647058823528,0.60625,,outputs\icdm2026\downstream_private_slice_mil_finalpdf_train_test_seed2026\classification_subject_summary.csv,Existing private train/test MIL result; no new training performed.
Private,existing_train_test_MIL,slice_svm_vote,UNet,cn_vs_ad,81,21,4050,1050,0.8571428571428571,0.7647058823529411,0.7878787878787878,,outputs\icdm2026\downstream_private_slice_mil_finalpdf_train_test_seed2026\classification_subject_summary.csv,Existing private train/test MIL result; no new training performed.
Private,existing_train_test_MIL,slice_svm_vote,FidelityFlow,cn_vs_ad,81,21,4050,1050,0.7619047619047619,0.7941176470588235,0.6464646464646464,,outputs\icdm2026\downstream_private_slice_mil_finalpdf_train_test_seed2026\classification_subject_summary.csv,Existing private train/test MIL result; no new training performed.
Private,existing_train_test_MIL,slice_svm_vote,Stage1,cn_vs_ad,81,21,4050,1050,0.7619047619047619,0.7941176470588235,0.6464646464646464,,outputs\icdm2026\downstream_private_slice_mil_finalpdf_train_test_seed2026\classification_subject_summary.csv,Existing private train/test MIL result; no new training performed.
Private,existing_train_test_MIL,slice_svm_vote,CycleGAN,cn_vs_ad,81,21,4050,1050,0.7619047619047619,0.5588235294117647,0.6464646464646464,,outputs\icdm2026\downstream_private_slice_mil_finalpdf_train_test_seed2026\classification_subject_summary.csv,Existing private train/test MIL result; no new training performed.
Private,existing_train_test_MIL,slice_svm_vote,FA_GT,cn_vs_ad,81,21,4050,1050,0.7142857142857143,0.7794117647058824,0.60625,,outputs\icdm2026\downstream_private_slice_mil_finalpdf_train_test_seed2026\classification_subject_summary.csv,Existing private train/test MIL result; no new training performed.
Private,existing_train_test_MIL,slice_svm_vote,Pix2Pix,cn_vs_ad,81,21,4050,1050,0.6666666666666666,0.6911764705882353,0.6100795755968169,,outputs\icdm2026\downstream_private_slice_mil_finalpdf_train_test_seed2026\classification_subject_summary.csv,Existing private train/test MIL result; no new training performed.
Private,existing_train_test_MIL,slice_svm_vote,T1_ONLY,cn_vs_ad,81,21,4050,1050,0.6666666666666666,0.5735294117647058,0.5689149560117301,,outputs\icdm2026\downstream_private_slice_mil_finalpdf_train_test_seed2026\classification_subject_summary.csv,Existing private train/test MIL result; no new training performed.
Private,existing_train_test_MIL,slice_svm_vote,T1_PLUS_Ours,cn_vs_ad,81,21,4050,1050,0.6666666666666666,0.5441176470588236,0.5689149560117301,,outputs\icdm2026\downstream_private_slice_mil_finalpdf_train_test_seed2026\classification_subject_summary.csv,Existing private train/test MIL result; no new training performed.
Private,existing_train_test_MIL,slice_svm_vote,T1_PLUS_Stage1,cn_vs_ad,81,21,4050,1050,0.6666666666666666,0.5441176470588236,0.5689149560117301,,outputs\icdm2026\downstream_private_slice_mil_finalpdf_train_test_seed2026\classification_subject_summary.csv,Existing private train/test MIL result; no new training performed.
Private,existing_train_test_MIL,slice_svm_vote,T1_PLUS_UNet,cn_vs_ad,81,21,4050,1050,0.6190476190476191,0.661764705882353,0.5333333333333333,,outputs\icdm2026\downstream_private_slice_mil_finalpdf_train_test_seed2026\classification_subject_summary.csv,Existing private train/test MIL result; no new training performed.
Private,existing_train_test_MIL,slice_svm_vote,T1_PLUS_Pix2Pix,cn_vs_ad,81,21,4050,1050,0.6190476190476191,0.6029411764705883,0.5333333333333333,,outputs\icdm2026\downstream_private_slice_mil_finalpdf_train_test_seed2026\classification_subject_summary.csv,Existing private train/test MIL result; no new training performed.
Private,existing_train_test_MIL,slice_svm_vote,T1_PLUS_CycleGAN,cn_vs_ad,81,21,4050,1050,0.6190476190476191,0.6029411764705882,0.5333333333333333,,outputs\icdm2026\downstream_private_slice_mil_finalpdf_train_test_seed2026\classification_subject_summary.csv,Existing private train/test MIL result; no new training performed.
Private,existing_train_test_MIL,slice_svm_vote,T1_PLUS_GT,cn_vs_ad,81,21,4050,1050,0.6190476190476191,0.5882352941176471,0.5333333333333333,,outputs\icdm2026\downstream_private_slice_mil_finalpdf_train_test_seed2026\classification_subject_summary.csv,Existing private train/test MIL result; no new training performed.
Private,existing_train_test_MIL,attention_mil,T1_PLUS_Ours,cn_vs_mci,109,28,5450,1400,0.6785714285714286,0.7058823529411764,0.6748387096774193,,outputs\icdm2026\downstream_private_slice_mil_finalpdf_train_test_seed2026\classification_subject_summary.csv,Existing private train/test MIL result; no new training performed.
Private,existing_train_test_MIL,attention_mil,UNet,cn_vs_mci,109,28,5450,1400,0.6785714285714286,0.5775401069518716,0.6199095022624435,,outputs\icdm2026\downstream_private_slice_mil_finalpdf_train_test_seed2026\classification_subject_summary.csv,Existing private train/test MIL result; no new training performed.
Private,existing_train_test_MIL,attention_mil,T1_PLUS_Stage1,cn_vs_mci,109,28,5450,1400,0.6428571428571429,0.7165775401069518,0.641025641025641,,outputs\icdm2026\downstream_private_slice_mil_finalpdf_train_test_seed2026\classification_subject_summary.csv,Existing private train/test MIL result; no new training performed.
Private,existing_train_test_MIL,attention_mil,T1_PLUS_GT,cn_vs_mci,109,28,5450,1400,0.6071428571428571,0.7433155080213903,0.5942028985507246,,outputs\icdm2026\downstream_private_slice_mil_finalpdf_train_test_seed2026\classification_subject_summary.csv,Existing private train/test MIL result; no new training performed.
Private,existing_train_test_MIL,attention_mil,T1_PLUS_UNet,cn_vs_mci,109,28,5450,1400,0.5714285714285714,0.5561497326203209,0.5508021390374331,,outputs\icdm2026\downstream_private_slice_mil_finalpdf_train_test_seed2026\classification_subject_summary.csv,Existing private train/test MIL result; no new training performed.
Private,existing_train_test_MIL,attention_mil,FidelityFlow,cn_vs_mci,109,28,5450,1400,0.5714285714285714,0.5026737967914439,0.5692307692307692,,outputs\icdm2026\downstream_private_slice_mil_finalpdf_train_test_seed2026\classification_subject_summary.csv,Existing private train/test MIL result; no new training performed.
Private,existing_train_test_MIL,attention_mil,T1_PLUS_CycleGAN,cn_vs_mci,109,28,5450,1400,0.5714285714285714,0.4919786096256684,0.5625,,outputs\icdm2026\downstream_private_slice_mil_finalpdf_train_test_seed2026\classification_subject_summary.csv,Existing private train/test MIL result; no new training performed.
Private,existing_train_test_MIL,attention_mil,CycleGAN,cn_vs_mci,109,28,5450,1400,0.5714285714285714,0.4866310160427807,0.5333333333333333,,outputs\icdm2026\downstream_private_slice_mil_finalpdf_train_test_seed2026\classification_subject_summary.csv,Existing private train/test MIL result; no new training performed.
Private,existing_train_test_MIL,attention_mil,T1_PLUS_Pix2Pix,cn_vs_mci,109,28,5450,1400,0.5357142857142857,0.572192513368984,0.5303225806451612,,outputs\icdm2026\downstream_private_slice_mil_finalpdf_train_test_seed2026\classification_subject_summary.csv,Existing private train/test MIL result; no new training performed.
Private,existing_train_test_MIL,attention_mil,T1_ONLY,cn_vs_mci,109,28,5450,1400,0.4642857142857143,0.5989304812834224,0.46360153256704983,,outputs\icdm2026\downstream_private_slice_mil_finalpdf_train_test_seed2026\classification_subject_summary.csv,Existing private train/test MIL result; no new training performed.
Private,existing_train_test_MIL,attention_mil,FA_GT,cn_vs_mci,109,28,5450,1400,0.4642857142857143,0.5133689839572193,0.44664031620553357,,outputs\icdm2026\downstream_private_slice_mil_finalpdf_train_test_seed2026\classification_subject_summary.csv,Existing private train/test MIL result; no new training performed.
Private,existing_train_test_MIL,attention_mil,Stage1,cn_vs_mci,109,28,5450,1400,0.4642857142857143,0.45454545454545453,0.45806451612903226,,outputs\icdm2026\downstream_private_slice_mil_finalpdf_train_test_seed2026\classification_subject_summary.csv,Existing private train/test MIL result; no new training performed.
Private,existing_train_test_MIL,attention_mil,Pix2Pix,cn_vs_mci,109,28,5450,1400,0.42857142857142855,0.46524064171123,0.42857142857142855,,outputs\icdm2026\downstream_private_slice_mil_finalpdf_train_test_seed2026\classification_subject_summary.csv,Existing private train/test MIL result; no new training performed.
Private,existing_train_test_MIL,multi_task_mil,UNet,cn_vs_mci,130,28,6500,1600,0.75,0.6898395721925134,0.7333333333333334,,outputs\icdm2026\downstream_private_slice_mil_finalpdf_train_test_seed2026\classification_subject_summary.csv,Existing private train/test MIL result; no new training performed.
Private,existing_train_test_MIL,multi_task_mil,T1_PLUS_GT,cn_vs_mci,130,28,6500,1600,0.6785714285714286,0.6470588235294117,0.6679841897233202,,outputs\icdm2026\downstream_private_slice_mil_finalpdf_train_test_seed2026\classification_subject_summary.csv,Existing private train/test MIL result; no new training performed.
Private,existing_train_test_MIL,multi_task_mil,CycleGAN,cn_vs_mci,130,28,6500,1600,0.6785714285714286,0.588235294117647,0.6415362731152205,,outputs\icdm2026\downstream_private_slice_mil_finalpdf_train_test_seed2026\classification_subject_summary.csv,Existing private train/test MIL result; no new training performed.
Private,existing_train_test_MIL,multi_task_mil,T1_PLUS_Pix2Pix,cn_vs_mci,130,28,6500,1600,0.6428571428571429,0.6310160427807486,0.6354166666666667,,outputs\icdm2026\downstream_private_slice_mil_finalpdf_train_test_seed2026\classification_subject_summary.csv,Existing private train/test MIL result; no new training performed.
Private,existing_train_test_MIL,multi_task_mil,Stage1,cn_vs_mci,130,28,6500,1600,0.6071428571428571,0.7058823529411764,0.5942028985507246,,outputs\icdm2026\downstream_private_slice_mil_finalpdf_train_test_seed2026\classification_subject_summary.csv,Existing private train/test MIL result; no new training performed.
Private,existing_train_test_MIL,multi_task_mil,Pix2Pix,cn_vs_mci,130,28,6500,1600,0.6071428571428571,0.6684491978609626,0.5809523809523809,,outputs\icdm2026\downstream_private_slice_mil_finalpdf_train_test_seed2026\classification_subject_summary.csv,Existing private train/test MIL result; no new training performed.
Private,existing_train_test_MIL,multi_task_mil,T1_PLUS_UNet,cn_vs_mci,130,28,6500,1600,0.6071428571428571,0.6631016042780749,0.5942028985507246,,outputs\icdm2026\downstream_private_slice_mil_finalpdf_train_test_seed2026\classification_subject_summary.csv,Existing private train/test MIL result; no new training performed.
Private,existing_train_test_MIL,multi_task_mil,FidelityFlow,cn_vs_mci,130,28,6500,1600,0.6071428571428571,0.5989304812834224,0.561877667140825,,outputs\icdm2026\downstream_private_slice_mil_finalpdf_train_test_seed2026\classification_subject_summary.csv,Existing private train/test MIL result; no new training performed.
Private,existing_train_test_MIL,multi_task_mil,T1_PLUS_Ours,cn_vs_mci,130,28,6500,1600,0.5714285714285714,0.5935828877005348,0.5692307692307692,,outputs\icdm2026\downstream_private_slice_mil_finalpdf_train_test_seed2026\classification_subject_summary.csv,Existing private train/test MIL result; no new training performed.
Private,existing_train_test_MIL,multi_task_mil,FA_GT,cn_vs_mci,130,28,6500,1600,0.5714285714285714,0.5614973262032086,0.5508021390374331,,outputs\icdm2026\downstream_private_slice_mil_finalpdf_train_test_seed2026\classification_subject_summary.csv,Existing private train/test MIL result; no new training performed.
Private,existing_train_test_MIL,multi_task_mil,T1_PLUS_Stage1,cn_vs_mci,130,28,6500,1600,0.5714285714285714,0.49732620320855614,0.5692307692307692,,outputs\icdm2026\downstream_private_slice_mil_finalpdf_train_test_seed2026\classification_subject_summary.csv,Existing private train/test MIL result; no new training performed.
Private,existing_train_test_MIL,multi_task_mil,T1_PLUS_CycleGAN,cn_vs_mci,130,28,6500,1600,0.5357142857142857,0.6203208556149733,0.5351213282247764,,outputs\icdm2026\downstream_private_slice_mil_finalpdf_train_test_seed2026\classification_subject_summary.csv,Existing private train/test MIL result; no new training performed.
Private,existing_train_test_MIL,multi_task_mil,T1_ONLY,cn_vs_mci,130,28,6500,1600,0.5,0.572192513368984,0.48958333333333337,,outputs\icdm2026\downstream_private_slice_mil_finalpdf_train_test_seed2026\classification_subject_summary.csv,Existing private train/test MIL result; no new training performed.
Private,existing_train_test_MIL,slice_svm_vote,Pix2Pix,cn_vs_mci,109,28,5450,1400,0.6071428571428571,0.6363636363636365,0.561877667140825,,outputs\icdm2026\downstream_private_slice_mil_finalpdf_train_test_seed2026\classification_subject_summary.csv,Existing private train/test MIL result; no new training performed.
Private,existing_train_test_MIL,slice_svm_vote,UNet,cn_vs_mci,109,28,5450,1400,0.6071428571428571,0.46524064171123,0.561877667140825,,outputs\icdm2026\downstream_private_slice_mil_finalpdf_train_test_seed2026\classification_subject_summary.csv,Existing private train/test MIL result; no new training performed.
Private,existing_train_test_MIL,slice_svm_vote,T1_ONLY,cn_vs_mci,109,28,5450,1400,0.6071428571428571,0.4652406417112299,0.5942028985507246,,outputs\icdm2026\downstream_private_slice_mil_finalpdf_train_test_seed2026\classification_subject_summary.csv,Existing private train/test MIL result; no new training performed.
Private,existing_train_test_MIL,slice_svm_vote,T1_PLUS_UNet,cn_vs_mci,109,28,5450,1400,0.5714285714285714,0.47593582887700536,0.5625,,outputs\icdm2026\downstream_private_slice_mil_finalpdf_train_test_seed2026\classification_subject_summary.csv,Existing private train/test MIL result; no new training performed.
Private,existing_train_test_MIL,slice_svm_vote,T1_PLUS_Pix2Pix,cn_vs_mci,109,28,5450,1400,0.5357142857142857,0.45989304812834225,0.5303225806451612,,outputs\icdm2026\downstream_private_slice_mil_finalpdf_train_test_seed2026\classification_subject_summary.csv,Existing private train/test MIL result; no new training performed.
Private,existing_train_test_MIL,slice_svm_vote,Stage1,cn_vs_mci,109,28,5450,1400,0.5357142857142857,0.36898395721925137,0.4509803921568627,,outputs\icdm2026\downstream_private_slice_mil_finalpdf_train_test_seed2026\classification_subject_summary.csv,Existing private train/test MIL result; no new training performed.
Private,existing_train_test_MIL,slice_svm_vote,FidelityFlow,cn_vs_mci,109,28,5450,1400,0.5357142857142857,0.3689839572192513,0.408130081300813,,outputs\icdm2026\downstream_private_slice_mil_finalpdf_train_test_seed2026\classification_subject_summary.csv,Existing private train/test MIL result; no new training performed.
Private,existing_train_test_MIL,slice_svm_vote,FA_GT,cn_vs_mci,109,28,5450,1400,0.5,0.49732620320855614,0.4555555555555556,,outputs\icdm2026\downstream_private_slice_mil_finalpdf_train_test_seed2026\classification_subject_summary.csv,Existing private train/test MIL result; no new training performed.
Private,existing_train_test_MIL,slice_svm_vote,T1_PLUS_CycleGAN,cn_vs_mci,109,28,5450,1400,0.5,0.4652406417112299,0.49743589743589745,,outputs\icdm2026\downstream_private_slice_mil_finalpdf_train_test_seed2026\classification_subject_summary.csv,Existing private train/test MIL result; no new training performed.
Private,existing_train_test_MIL,slice_svm_vote,T1_PLUS_Ours,cn_vs_mci,109,28,5450,1400,0.5,0.43315508021390375,0.47593582887700536,,outputs\icdm2026\downstream_private_slice_mil_finalpdf_train_test_seed2026\classification_subject_summary.csv,Existing private train/test MIL result; no new training performed.
Private,existing_train_test_MIL,slice_svm_vote,T1_PLUS_Stage1,cn_vs_mci,109,28,5450,1400,0.5,0.43315508021390375,0.47593582887700536,,outputs\icdm2026\downstream_private_slice_mil_finalpdf_train_test_seed2026\classification_subject_summary.csv,Existing private train/test MIL result; no new training performed.
Private,existing_train_test_MIL,slice_svm_vote,T1_PLUS_GT,cn_vs_mci,109,28,5450,1400,0.4642857142857143,0.4598930481283422,0.44664031620553357,,outputs\icdm2026\downstream_private_slice_mil_finalpdf_train_test_seed2026\classification_subject_summary.csv,Existing private train/test MIL result; no new training performed.
Private,existing_train_test_MIL,slice_svm_vote,CycleGAN,cn_vs_mci,109,28,5450,1400,0.4642857142857143,0.42780748663101603,0.44664031620553357,,outputs\icdm2026\downstream_private_slice_mil_finalpdf_train_test_seed2026\classification_subject_summary.csv,Existing private train/test MIL result; no new training performed.
Private,existing_train_test_MIL,attention_mil,T1_ONLY,mci_vs_ad,70,15,3500,750,0.8666666666666667,0.75,0.8295454545454546,,outputs\icdm2026\downstream_private_slice_mil_finalpdf_train_test_seed2026\classification_subject_summary.csv,Existing private train/test MIL result; no new training performed.
Private,existing_train_test_MIL,attention_mil,T1_PLUS_GT,mci_vs_ad,70,15,3500,750,0.8,0.47727272727272724,0.7204968944099379,,outputs\icdm2026\downstream_private_slice_mil_finalpdf_train_test_seed2026\classification_subject_summary.csv,Existing private train/test MIL result; no new training performed.
Private,existing_train_test_MIL,attention_mil,T1_PLUS_UNet,mci_vs_ad,70,15,3500,750,0.7333333333333333,0.8181818181818181,0.7,,outputs\icdm2026\downstream_private_slice_mil_finalpdf_train_test_seed2026\classification_subject_summary.csv,Existing private train/test MIL result; no new training performed.
Private,existing_train_test_MIL,attention_mil,FA_GT,mci_vs_ad,70,15,3500,750,0.7333333333333333,0.7045454545454546,0.5833333333333334,,outputs\icdm2026\downstream_private_slice_mil_finalpdf_train_test_seed2026\classification_subject_summary.csv,Existing private train/test MIL result; no new training performed.
Private,existing_train_test_MIL,attention_mil,Pix2Pix,mci_vs_ad,70,15,3500,750,0.6666666666666666,0.8181818181818182,0.6031746031746031,,outputs\icdm2026\downstream_private_slice_mil_finalpdf_train_test_seed2026\classification_subject_summary.csv,Existing private train/test MIL result; no new training performed.
Private,existing_train_test_MIL,attention_mil,FidelityFlow,mci_vs_ad,70,15,3500,750,0.6666666666666666,0.5909090909090908,0.5341614906832298,,outputs\icdm2026\downstream_private_slice_mil_finalpdf_train_test_seed2026\classification_subject_summary.csv,Existing private train/test MIL result; no new training performed.
Private,existing_train_test_MIL,attention_mil,T1_PLUS_Ours,mci_vs_ad,70,15,3500,750,0.6666666666666666,0.5,0.6031746031746031,,outputs\icdm2026\downstream_private_slice_mil_finalpdf_train_test_seed2026\classification_subject_summary.csv,Existing private train/test MIL result; no new training performed.
Private,existing_train_test_MIL,attention_mil,T1_PLUS_Pix2Pix,mci_vs_ad,70,15,3500,750,0.6,0.7727272727272727,0.5833333333333333,,outputs\icdm2026\downstream_private_slice_mil_finalpdf_train_test_seed2026\classification_subject_summary.csv,Existing private train/test MIL result; no new training performed.
Private,existing_train_test_MIL,attention_mil,T1_PLUS_CycleGAN,mci_vs_ad,70,15,3500,750,0.6,0.75,0.5833333333333333,,outputs\icdm2026\downstream_private_slice_mil_finalpdf_train_test_seed2026\classification_subject_summary.csv,Existing private train/test MIL result; no new training performed.
Private,existing_train_test_MIL,attention_mil,UNet,mci_vs_ad,70,15,3500,750,0.6,0.7045454545454546,0.55,,outputs\icdm2026\downstream_private_slice_mil_finalpdf_train_test_seed2026\classification_subject_summary.csv,Existing private train/test MIL result; no new training performed.
Private,existing_train_test_MIL,attention_mil,CycleGAN,mci_vs_ad,70,15,3500,750,0.6,0.5909090909090908,0.48863636363636365,,outputs\icdm2026\downstream_private_slice_mil_finalpdf_train_test_seed2026\classification_subject_summary.csv,Existing private train/test MIL result; no new training performed.
Private,existing_train_test_MIL,attention_mil,Stage1,mci_vs_ad,70,15,3500,750,0.4666666666666667,0.5454545454545454,0.4,,outputs\icdm2026\downstream_private_slice_mil_finalpdf_train_test_seed2026\classification_subject_summary.csv,Existing private train/test MIL result; no new training performed.
Private,existing_train_test_MIL,attention_mil,T1_PLUS_Stage1,mci_vs_ad,70,15,3500,750,0.4666666666666667,0.5227272727272727,0.4444444444444444,,outputs\icdm2026\downstream_private_slice_mil_finalpdf_train_test_seed2026\classification_subject_summary.csv,Existing private train/test MIL result; no new training performed.
Private,existing_train_test_MIL,multi_task_mil,T1_PLUS_Pix2Pix,mci_vs_ad,130,15,6500,1600,0.9333333333333333,0.8409090909090909,0.9068322981366459,,outputs\icdm2026\downstream_private_slice_mil_finalpdf_train_test_seed2026\classification_subject_summary.csv,Existing private train/test MIL result; no new training performed.
Private,existing_train_test_MIL,multi_task_mil,T1_ONLY,mci_vs_ad,130,15,6500,1600,0.9333333333333333,0.7727272727272727,0.9068322981366459,,outputs\icdm2026\downstream_private_slice_mil_finalpdf_train_test_seed2026\classification_subject_summary.csv,Existing private train/test MIL result; no new training performed.
Private,existing_train_test_MIL,multi_task_mil,T1_PLUS_UNet,mci_vs_ad,130,15,6500,1600,0.9333333333333333,0.7727272727272727,0.9068322981366459,,outputs\icdm2026\downstream_private_slice_mil_finalpdf_train_test_seed2026\classification_subject_summary.csv,Existing private train/test MIL result; no new training performed.
Private,existing_train_test_MIL,multi_task_mil,T1_PLUS_CycleGAN,mci_vs_ad,130,15,6500,1600,0.8666666666666667,0.7727272727272726,0.8295454545454546,,outputs\icdm2026\downstream_private_slice_mil_finalpdf_train_test_seed2026\classification_subject_summary.csv,Existing private train/test MIL result; no new training performed.
Private,existing_train_test_MIL,multi_task_mil,T1_PLUS_GT,mci_vs_ad,130,15,6500,1600,0.8666666666666667,0.7045454545454546,0.7916666666666666,,outputs\icdm2026\downstream_private_slice_mil_finalpdf_train_test_seed2026\classification_subject_summary.csv,Existing private train/test MIL result; no new training performed.
Private,existing_train_test_MIL,multi_task_mil,T1_PLUS_Ours,mci_vs_ad,130,15,6500,1600,0.8666666666666667,0.6363636363636364,0.7916666666666666,,outputs\icdm2026\downstream_private_slice_mil_finalpdf_train_test_seed2026\classification_subject_summary.csv,Existing private train/test MIL result; no new training performed.
Private,existing_train_test_MIL,multi_task_mil,T1_PLUS_Stage1,mci_vs_ad,130,15,6500,1600,0.8666666666666667,0.6363636363636364,0.7916666666666666,,outputs\icdm2026\downstream_private_slice_mil_finalpdf_train_test_seed2026\classification_subject_summary.csv,Existing private train/test MIL result; no new training performed.
Private,existing_train_test_MIL,multi_task_mil,FidelityFlow,mci_vs_ad,130,15,6500,1600,0.7333333333333333,0.7272727272727273,0.6590909090909092,,outputs\icdm2026\downstream_private_slice_mil_finalpdf_train_test_seed2026\classification_subject_summary.csv,Existing private train/test MIL result; no new training performed.
Private,existing_train_test_MIL,multi_task_mil,Pix2Pix,mci_vs_ad,130,15,6500,1600,0.7333333333333333,0.7045454545454546,0.6590909090909092,,outputs\icdm2026\downstream_private_slice_mil_finalpdf_train_test_seed2026\classification_subject_summary.csv,Existing private train/test MIL result; no new training performed.
Private,existing_train_test_MIL,multi_task_mil,Stage1,mci_vs_ad,130,15,6500,1600,0.7333333333333333,0.6590909090909091,0.6590909090909092,,outputs\icdm2026\downstream_private_slice_mil_finalpdf_train_test_seed2026\classification_subject_summary.csv,Existing private train/test MIL result; no new training performed.
Private,existing_train_test_MIL,multi_task_mil,FA_GT,mci_vs_ad,130,15,6500,1600,0.7333333333333333,0.5681818181818181,0.5833333333333334,,outputs\icdm2026\downstream_private_slice_mil_finalpdf_train_test_seed2026\classification_subject_summary.csv,Existing private train/test MIL result; no new training performed.
Private,existing_train_test_MIL,multi_task_mil,CycleGAN,mci_vs_ad,130,15,6500,1600,0.6666666666666666,0.6136363636363636,0.6031746031746031,,outputs\icdm2026\downstream_private_slice_mil_finalpdf_train_test_seed2026\classification_subject_summary.csv,Existing private train/test MIL result; no new training performed.
Private,existing_train_test_MIL,multi_task_mil,UNet,mci_vs_ad,130,15,6500,1600,0.6,0.6590909090909091,0.48863636363636365,,outputs\icdm2026\downstream_private_slice_mil_finalpdf_train_test_seed2026\classification_subject_summary.csv,Existing private train/test MIL result; no new training performed.
Private,existing_train_test_MIL,slice_svm_vote,T1_PLUS_CycleGAN,mci_vs_ad,70,15,3500,750,0.8,0.5909090909090908,0.7204968944099379,,outputs\icdm2026\downstream_private_slice_mil_finalpdf_train_test_seed2026\classification_subject_summary.csv,Existing private train/test MIL result; no new training performed.
Private,existing_train_test_MIL,slice_svm_vote,T1_PLUS_Pix2Pix,mci_vs_ad,70,15,3500,750,0.8,0.5909090909090908,0.7204968944099379,,outputs\icdm2026\downstream_private_slice_mil_finalpdf_train_test_seed2026\classification_subject_summary.csv,Existing private train/test MIL result; no new training performed.
Private,existing_train_test_MIL,slice_svm_vote,T1_PLUS_UNet,mci_vs_ad,70,15,3500,750,0.8,0.5909090909090908,0.7204968944099379,,outputs\icdm2026\downstream_private_slice_mil_finalpdf_train_test_seed2026\classification_subject_summary.csv,Existing private train/test MIL result; no new training performed.
Private,existing_train_test_MIL,slice_svm_vote,T1_ONLY,mci_vs_ad,70,15,3500,750,0.8,0.5681818181818181,0.7204968944099379,,outputs\icdm2026\downstream_private_slice_mil_finalpdf_train_test_seed2026\classification_subject_summary.csv,Existing private train/test MIL result; no new training performed.
Private,existing_train_test_MIL,slice_svm_vote,T1_PLUS_Ours,mci_vs_ad,70,15,3500,750,0.8,0.5681818181818181,0.7204968944099379,,outputs\icdm2026\downstream_private_slice_mil_finalpdf_train_test_seed2026\classification_subject_summary.csv,Existing private train/test MIL result; no new training performed.
Private,existing_train_test_MIL,slice_svm_vote,UNet,mci_vs_ad,70,15,3500,750,0.7333333333333333,0.6818181818181818,0.7,,outputs\icdm2026\downstream_private_slice_mil_finalpdf_train_test_seed2026\classification_subject_summary.csv,Existing private train/test MIL result; no new training performed.
Private,existing_train_test_MIL,slice_svm_vote,Pix2Pix,mci_vs_ad,70,15,3500,750,0.7333333333333333,0.6363636363636364,0.6590909090909092,,outputs\icdm2026\downstream_private_slice_mil_finalpdf_train_test_seed2026\classification_subject_summary.csv,Existing private train/test MIL result; no new training performed.
Private,existing_train_test_MIL,slice_svm_vote,T1_PLUS_Stage1,mci_vs_ad,70,15,3500,750,0.7333333333333333,0.5681818181818181,0.6590909090909092,,outputs\icdm2026\downstream_private_slice_mil_finalpdf_train_test_seed2026\classification_subject_summary.csv,Existing private train/test MIL result; no new training performed.
Private,existing_train_test_MIL,slice_svm_vote,T1_PLUS_GT,mci_vs_ad,70,15,3500,750,0.6666666666666666,0.5454545454545454,0.6031746031746031,,outputs\icdm2026\downstream_private_slice_mil_finalpdf_train_test_seed2026\classification_subject_summary.csv,Existing private train/test MIL result; no new training performed.
Private,existing_train_test_MIL,slice_svm_vote,FidelityFlow,mci_vs_ad,70,15,3500,750,0.6,0.7045454545454546,0.55,,outputs\icdm2026\downstream_private_slice_mil_finalpdf_train_test_seed2026\classification_subject_summary.csv,Existing private train/test MIL result; no new training performed.
Private,existing_train_test_MIL,slice_svm_vote,Stage1,mci_vs_ad,70,15,3500,750,0.6,0.7045454545454546,0.55,,outputs\icdm2026\downstream_private_slice_mil_finalpdf_train_test_seed2026\classification_subject_summary.csv,Existing private train/test MIL result; no new training performed.
Private,existing_train_test_MIL,slice_svm_vote,CycleGAN,mci_vs_ad,70,15,3500,750,0.5333333333333333,0.5909090909090908,0.49760765550239233,,outputs\icdm2026\downstream_private_slice_mil_finalpdf_train_test_seed2026\classification_subject_summary.csv,Existing private train/test MIL result; no new training performed.
Private,existing_train_test_MIL,slice_svm_vote,FA_GT,mci_vs_ad,70,15,3500,750,0.5333333333333333,0.5909090909090908,0.49760765550239233,,outputs\icdm2026\downstream_private_slice_mil_finalpdf_train_test_seed2026\classification_subject_summary.csv,Existing private train/test MIL result; no new training performed.
Private,existing_repeated_subject_CV,repeated_subject_cv,T1_ONLY,cn_vs_ad,,21,,,0.7476190476190474,0.4970588235294118,0.5424378522907936,0.1052002727038096,outputs\icdm2026\downstream_finalpdf_compatible_private\classification_repeated_summary.csv,Existing private repeated subject-level CV; supplemental only.
Private,existing_repeated_subject_CV,repeated_subject_cv,T1_ONLY,cn_vs_mci,,28,,,0.6178571428571428,0.6534759358288771,0.6033691143270773,0.05404356701121975,outputs\icdm2026\downstream_finalpdf_compatible_private\classification_repeated_summary.csv,Existing private repeated subject-level CV; supplemental only.
Private,existing_repeated_subject_CV,repeated_subject_cv,T1_ONLY,mci_vs_ad,,15,,,0.5599999999999999,0.24431818181818182,0.37669301109518505,0.06251486997737644,outputs\icdm2026\downstream_finalpdf_compatible_private\classification_repeated_summary.csv,Existing private repeated subject-level CV; supplemental only.
Private,existing_repeated_subject_CV,repeated_subject_cv,UNet_CurrentSplit_E100,cn_vs_ad,,21,,,0.6952380952380951,0.35441176470588237,0.5250030769883711,0.03165323719340548,outputs\icdm2026\downstream_finalpdf_compatible_private\classification_repeated_summary.csv,Existing private repeated subject-level CV; supplemental only.
Private,existing_repeated_subject_CV,repeated_subject_cv,UNet_CurrentSplit_E100,cn_vs_mci,,28,,,0.4946428571428571,0.42700534759358283,0.47375480435490963,0.07164182308090204,outputs\icdm2026\downstream_finalpdf_compatible_private\classification_repeated_summary.csv,Existing private repeated subject-level CV; supplemental only.
Private,existing_repeated_subject_CV,repeated_subject_cv,UNet_CurrentSplit_E100,mci_vs_ad,,15,,,0.5066666666666666,0.37727272727272726,0.4355500493658388,0.07080850981932282,outputs\icdm2026\downstream_finalpdf_compatible_private\classification_repeated_summary.csv,Existing private repeated subject-level CV; supplemental only.
Private,existing_repeated_subject_CV,repeated_subject_cv,Pix2Pix_CurrentSplit_E100,cn_vs_ad,,21,,,0.6714285714285714,0.4544117647058824,0.5093853005522835,0.03889009542676824,outputs\icdm2026\downstream_finalpdf_compatible_private\classification_repeated_summary.csv,Existing private repeated subject-level CV; supplemental only.
Private,existing_repeated_subject_CV,repeated_subject_cv,Pix2Pix_CurrentSplit_E100,cn_vs_mci,,28,,,0.6142857142857142,0.6259358288770054,0.5945019237344151,0.08408935128152688,outputs\icdm2026\downstream_finalpdf_compatible_private\classification_repeated_summary.csv,Existing private repeated subject-level CV; supplemental only.
Private,existing_repeated_subject_CV,repeated_subject_cv,Pix2Pix_CurrentSplit_E100,mci_vs_ad,,15,,,0.5966666666666666,0.5022727272727273,0.49637357557266026,0.05082450111413407,outputs\icdm2026\downstream_finalpdf_compatible_private\classification_repeated_summary.csv,Existing private repeated subject-level CV; supplemental only.
Private,existing_repeated_subject_CV,repeated_subject_cv,CycleGAN_CurrentSplit_E100,cn_vs_ad,,21,,,0.6880952380952381,0.49338235294117655,0.5278468919337042,0.05226464207433693,outputs\icdm2026\downstream_finalpdf_compatible_private\classification_repeated_summary.csv,Existing private repeated subject-level CV; supplemental only.
Private,existing_repeated_subject_CV,repeated_subject_cv,CycleGAN_CurrentSplit_E100,cn_vs_mci,,28,,,0.7303571428571428,0.7272727272727273,0.7152007318659964,0.05704006854609016,outputs\icdm2026\downstream_finalpdf_compatible_private\classification_repeated_summary.csv,Existing private repeated subject-level CV; supplemental only.
Private,existing_repeated_subject_CV,repeated_subject_cv,CycleGAN_CurrentSplit_E100,mci_vs_ad,,15,,,0.4966666666666667,0.3738636363636364,0.4308091009736589,0.05200304011696549,outputs\icdm2026\downstream_finalpdf_compatible_private\classification_repeated_summary.csv,Existing private repeated subject-level CV; supplemental only.
Private,existing_repeated_subject_CV,repeated_subject_cv,Stage1_LPIPS_GAN,cn_vs_ad,,21,,,0.6285714285714284,0.45441176470588224,0.4936961068672979,0.04823592377802348,outputs\icdm2026\downstream_finalpdf_compatible_private\classification_repeated_summary.csv,Existing private repeated subject-level CV; supplemental only.
Private,existing_repeated_subject_CV,repeated_subject_cv,Stage1_LPIPS_GAN,cn_vs_mci,,28,,,0.5196428571428571,0.5074866310160427,0.4947465105998149,0.06347859084766003,outputs\icdm2026\downstream_finalpdf_compatible_private\classification_repeated_summary.csv,Existing private repeated subject-level CV; supplemental only.
Private,existing_repeated_subject_CV,repeated_subject_cv,Stage1_LPIPS_GAN,mci_vs_ad,,15,,,0.4833333333333333,0.39659090909090905,0.39449476375391707,0.10429546469437298,outputs\icdm2026\downstream_finalpdf_compatible_private\classification_repeated_summary.csv,Existing private repeated subject-level CV; supplemental only.
Private,existing_repeated_subject_CV,repeated_subject_cv,Fidelity_Flow,cn_vs_ad,,21,,,0.6380952380952379,0.4617647058823529,0.5001659463915729,0.05128060841222969,outputs\icdm2026\downstream_finalpdf_compatible_private\classification_repeated_summary.csv,Existing private repeated subject-level CV; supplemental only.
Private,existing_repeated_subject_CV,repeated_subject_cv,Fidelity_Flow,cn_vs_mci,,28,,,0.532142857142857,0.5171122994652407,0.5064587938798801,0.06000552049911071,outputs\icdm2026\downstream_finalpdf_compatible_private\classification_repeated_summary.csv,Existing private repeated subject-level CV; supplemental only.
Private,existing_repeated_subject_CV,repeated_subject_cv,Fidelity_Flow,mci_vs_ad,,15,,,0.47666666666666657,0.3840909090909091,0.38982534151584497,0.08455442676408889,outputs\icdm2026\downstream_finalpdf_compatible_private\classification_repeated_summary.csv,Existing private repeated subject-level CV; supplemental only.
Private,existing_repeated_subject_CV,repeated_subject_cv,FA_GT,cn_vs_ad,,21,,,0.6190476190476188,0.2529411764705883,0.4456216457746344,0.06851300207727068,outputs\icdm2026\downstream_finalpdf_compatible_private\classification_repeated_summary.csv,Existing private repeated subject-level CV; supplemental only.
Private,existing_repeated_subject_CV,repeated_subject_cv,FA_GT,cn_vs_mci,,28,,,0.6660714285714285,0.6959893048128342,0.6486379159450244,0.04982758133741369,outputs\icdm2026\downstream_finalpdf_compatible_private\classification_repeated_summary.csv,Existing private repeated subject-level CV; supplemental only.
Private,existing_repeated_subject_CV,repeated_subject_cv,FA_GT,mci_vs_ad,,15,,,0.44000000000000006,0.15,0.30230473664398144,0.05063195012484154,outputs\icdm2026\downstream_finalpdf_compatible_private\classification_repeated_summary.csv,Existing private repeated subject-level CV; supplemental only.
Private,existing_repeated_subject_CV,repeated_subject_cv,T1_PLUS_UNet,cn_vs_ad,,21,,,0.7523809523809523,0.5977941176470589,0.4558360677130027,0.057171847125835416,outputs\icdm2026\downstream_finalpdf_compatible_private\classification_repeated_summary.csv,Existing private repeated subject-level CV; supplemental only.
Private,existing_repeated_subject_CV,repeated_subject_cv,T1_PLUS_UNet,cn_vs_mci,,28,,,0.6017857142857143,0.5911764705882353,0.5870113573099545,0.05566676309443051,outputs\icdm2026\downstream_finalpdf_compatible_private\classification_repeated_summary.csv,Existing private repeated subject-level CV; supplemental only.
Private,existing_repeated_subject_CV,repeated_subject_cv,T1_PLUS_UNet,mci_vs_ad,,15,,,0.5899999999999999,0.4181818181818181,0.4599562971988601,0.11160017751899133,outputs\icdm2026\downstream_finalpdf_compatible_private\classification_repeated_summary.csv,Existing private repeated subject-level CV; supplemental only.
Private,existing_repeated_subject_CV,repeated_subject_cv,T1_PLUS_Pix2Pix,cn_vs_ad,,21,,,0.769047619047619,0.6360294117647058,0.5726826520944168,0.05909489934878942,outputs\icdm2026\downstream_finalpdf_compatible_private\classification_repeated_summary.csv,Existing private repeated subject-level CV; supplemental only.
Private,existing_repeated_subject_CV,repeated_subject_cv,T1_PLUS_Pix2Pix,cn_vs_mci,,28,,,0.7071428571428571,0.7756684491978609,0.6851155010320658,0.06252703546863077,outputs\icdm2026\downstream_finalpdf_compatible_private\classification_repeated_summary.csv,Existing private repeated subject-level CV; supplemental only.
Private,existing_repeated_subject_CV,repeated_subject_cv,T1_PLUS_Pix2Pix,mci_vs_ad,,15,,,0.5933333333333334,0.4045454545454545,0.47120885877407614,0.11963484818178063,outputs\icdm2026\downstream_finalpdf_compatible_private\classification_repeated_summary.csv,Existing private repeated subject-level CV; supplemental only.
Private,existing_repeated_subject_CV,repeated_subject_cv,T1_PLUS_CycleGAN,cn_vs_ad,,21,,,0.7428571428571428,0.5860294117647058,0.4775460295545435,0.08492939390389037,outputs\icdm2026\downstream_finalpdf_compatible_private\classification_repeated_summary.csv,Existing private repeated subject-level CV; supplemental only.
Private,existing_repeated_subject_CV,repeated_subject_cv,T1_PLUS_CycleGAN,cn_vs_mci,,28,,,0.6214285714285714,0.6617647058823529,0.6015184106300185,0.04836945528241059,outputs\icdm2026\downstream_finalpdf_compatible_private\classification_repeated_summary.csv,Existing private repeated subject-level CV; supplemental only.
Private,existing_repeated_subject_CV,repeated_subject_cv,T1_PLUS_CycleGAN,mci_vs_ad,,15,,,0.49333333333333335,0.23749999999999996,0.35533042156763384,0.07962584771217139,outputs\icdm2026\downstream_finalpdf_compatible_private\classification_repeated_summary.csv,Existing private repeated subject-level CV; supplemental only.
Private,existing_repeated_subject_CV,repeated_subject_cv,T1_PLUS_Stage1,cn_vs_ad,,21,,,0.7666666666666668,0.5639705882352942,0.4779335726704147,0.0731297852407827,outputs\icdm2026\downstream_finalpdf_compatible_private\classification_repeated_summary.csv,Existing private repeated subject-level CV; supplemental only.
Private,existing_repeated_subject_CV,repeated_subject_cv,T1_PLUS_Stage1,cn_vs_mci,,28,,,0.5714285714285714,0.5962566844919787,0.5499030417756441,0.05113905454020778,outputs\icdm2026\downstream_finalpdf_compatible_private\classification_repeated_summary.csv,Existing private repeated subject-level CV; supplemental only.
Private,existing_repeated_subject_CV,repeated_subject_cv,T1_PLUS_Stage1,mci_vs_ad,,15,,,0.5333333333333333,0.3397727272727272,0.3776313560581295,0.07849343705238826,outputs\icdm2026\downstream_finalpdf_compatible_private\classification_repeated_summary.csv,Existing private repeated subject-level CV; supplemental only.
Private,existing_repeated_subject_CV,repeated_subject_cv,T1_PLUS_Ours,cn_vs_ad,,21,,,0.7642857142857145,0.5639705882352942,0.4771867732394048,0.07353349232604732,outputs\icdm2026\downstream_finalpdf_compatible_private\classification_repeated_summary.csv,Existing private repeated subject-level CV; supplemental only.
Private,existing_repeated_subject_CV,repeated_subject_cv,T1_PLUS_Ours,cn_vs_mci,,28,,,0.5714285714285715,0.5975935828877005,0.5499021744985619,0.04935783893033795,outputs\icdm2026\downstream_finalpdf_compatible_private\classification_repeated_summary.csv,Existing private repeated subject-level CV; supplemental only.
Private,existing_repeated_subject_CV,repeated_subject_cv,T1_PLUS_Ours,mci_vs_ad,,15,,,0.5333333333333333,0.3420454545454545,0.3775078382715682,0.07908267887695253,outputs\icdm2026\downstream_finalpdf_compatible_private\classification_repeated_summary.csv,Existing private repeated subject-level CV; supplemental only.
Private,existing_repeated_subject_CV,repeated_subject_cv,T1_PLUS_GT,cn_vs_ad,,21,,,0.7404761904761905,0.3352941176470588,0.4458335923274004,0.05661117945545164,outputs\icdm2026\downstream_finalpdf_compatible_private\classification_repeated_summary.csv,Existing private repeated subject-level CV; supplemental only.
Private,existing_repeated_subject_CV,repeated_subject_cv,T1_PLUS_GT,cn_vs_mci,,28,,,0.6196428571428572,0.6483957219251337,0.5975873502736977,0.0689285106917599,outputs\icdm2026\downstream_finalpdf_compatible_private\classification_repeated_summary.csv,Existing private repeated subject-level CV; supplemental only.
Private,existing_repeated_subject_CV,repeated_subject_cv,T1_PLUS_GT,mci_vs_ad,,15,,,0.5433333333333332,0.23636363636363633,0.4039214926314469,0.09476236009616733,outputs\icdm2026\downstream_finalpdf_compatible_private\classification_repeated_summary.csv,Existing private repeated subject-level CV; supplemental only.
