method,task,n_repeats,seed_min,seed_max,n_subjects,n_features,n_selected_features,n_splits,accuracy_mean,accuracy_std,accuracy_ci95_low,accuracy_ci95_high,balanced_accuracy_mean,balanced_accuracy_std,balanced_accuracy_ci95_low,balanced_accuracy_ci95_high,macro_f1_mean,macro_f1_std,macro_f1_ci95_low,macro_f1_ci95_high,macro_auc_ovr_mean,macro_auc_ovr_std,macro_auc_ovr_ci95_low,macro_auc_ovr_ci95_high
T1_ONLY,cn_vs_mci_spectrum,5,2026,2030,73,12,12,5,0.5835616438356165,0.022922192507782893,0.5634694562244468,0.6036538314467862,0.569922480620155,0.019612173298895738,0.5527316527684829,0.5871133084718272,0.5696346107753257,0.020103388435509132,0.5520132138723322,0.5872560076783193,0.6017054263565891,0.03700850211792796,0.5692660439759853,0.6341448087371928
T1_ONLY,cn_vs_ad,5,2026,2030,48,12,12,5,0.7916666666666667,0.038975597778895234,0.7575030489165253,0.8258302844168082,0.5302325581395348,0.06616677553700834,0.4722348222220683,0.5882302940570014,0.5215991259082914,0.05247275631005111,0.4756047270784777,0.5675935247381051,0.7413953488372094,0.0428311234724515,0.7038522138114707,0.7789384838629481
T1_ONLY,mci_spectrum_vs_ad,5,2026,2030,35,12,12,5,0.6914285714285715,0.046947647786157114,0.650277143749814,0.732579999107329,0.42000000000000004,0.03613247231446466,0.38832849159821337,0.4516715084017867,0.42197612628505715,0.027752593306871184,0.39764990569211783,0.44630234687799647,0.3866666666666666,0.04546060565661954,0.3468186888844336,0.4265146444488996
ADNI_A080_DS_FULL,cn_vs_mci_spectrum,5,2026,2030,73,12,12,5,0.5808219178082192,0.06171989219763729,0.5267220469972119,0.6349217886192265,0.5544961240310077,0.058736342542077304,0.503011449798879,0.6059807982631363,0.5540326085697252,0.05950496469261103,0.5018742073175753,0.6061910098218752,0.534108527131783,0.0628887166799889,0.4789841364902244,0.5892329177733416
ADNI_A080_DS_FULL,cn_vs_ad,5,2026,2030,48,12,12,5,0.75,0.053114786599924864,0.7034428368084519,0.7965571631915481,0.5423255813953488,0.061119004576231456,0.4887524118071157,0.5958987509835819,0.5209298611833284,0.04540227209122731,0.48113301502558947,0.5607267073410673,0.6139534883720931,0.06635043077994,0.5557947715364397,0.6721122052077464
ADNI_A080_DS_FULL,mci_spectrum_vs_ad,5,2026,2030,35,12,12,5,0.7314285714285715,0.025555062599997607,0.7090285714285716,0.7538285714285715,0.47666666666666674,0.08130873945100316,0.40539641418438005,0.5479369191489534,0.46975507346078116,0.07215351848745519,0.406509725976516,0.5330004209450463,0.45066666666666666,0.11705649158514117,0.3480621278889996,0.5532712054443337
ADNI_A080_BASE,cn_vs_mci_spectrum,5,2026,2030,73,12,12,5,0.5561643835616439,0.05697708039201487,0.5062217705945657,0.606106996528722,0.5295348837209302,0.05637996273770844,0.480115667454765,0.5789540999870952,0.5280129230265611,0.057170082489418024,0.47790113626212233,0.5781247097909998,0.5468217054263567,0.049035526954154925,0.5038401709662074,0.589803239886506
ADNI_A080_BASE,cn_vs_ad,5,2026,2030,48,12,12,5,0.7208333333333333,0.0315953143502148,0.6931388192355719,0.7485278474310948,0.5260465116279069,0.03903237413218426,0.4918331272098617,0.5602598960459522,0.5002405531620456,0.020311506179836743,0.482436733012985,0.5180443733111063,0.4800000000000001,0.014485964188276685,0.4673024925473113,0.49269750745268887
ADNI_A080_BASE,mci_spectrum_vs_ad,5,2026,2030,35,12,12,5,0.6114285714285714,0.032576440717118245,0.5828740621524519,0.639983080704691,0.38999999999999996,0.057251880124392245,0.33981651444725836,0.44018348555274156,0.40435147211463,0.042610842219331264,0.36700142212050046,0.44170152210875957,0.2906666666666667,0.07740226812639997,0.22282058727449483,0.35851274605883854
ADNI_OLD_FIDELITY_FLOW,cn_vs_mci_spectrum,5,2026,2030,73,12,12,5,0.5506849315068493,0.03270503119537895,0.5220177077068748,0.5793521553068237,0.533953488372093,0.03460656478274224,0.503619496893884,0.564287479850302,0.5334389076975887,0.03489246118080263,0.5028543169773902,0.5640234984177872,0.5570542635658915,0.046247960665885164,0.5165161386889865,0.5975923884427965
ADNI_OLD_FIDELITY_FLOW,cn_vs_ad,5,2026,2030,48,12,12,5,0.7208333333333333,0.034860834438919824,0.6902764646746795,0.7513902019919871,0.5437209302325581,0.05777560516039222,0.49307837944526683,0.5943634810198494,0.5117935621411736,0.03996006929649895,0.4767670170588046,0.5468201072235425,0.6381395348837209,0.032458318739289074,0.6096885640862498,0.6665905056811919
ADNI_OLD_FIDELITY_FLOW,mci_spectrum_vs_ad,5,2026,2030,35,12,12,5,0.7028571428571428,0.059246975295222076,0.6509248792823669,0.7547894064319188,0.47666666666666674,0.11583033569262705,0.37513690091625573,0.5781964324170777,0.472003744522414,0.0970104291110691,0.3869703542270542,0.5570371348177738,0.6546666666666667,0.05525697542693895,0.6062317921786837,0.7031015411546497
ADNI_UNET,cn_vs_mci_spectrum,5,2026,2030,73,12,12,5,0.5808219178082192,0.030012194931789922,0.5545150690638081,0.6071287665526304,0.5686046511627907,0.026286671969836795,0.5455633672754877,0.5916459350500937,0.5681578812705926,0.027104200308635504,0.5444000021991677,0.5919157603420175,0.6198449612403102,0.031519993740613726,0.5922164685677932,0.6474734539128272
ADNI_UNET,cn_vs_ad,5,2026,2030,48,12,12,5,0.6333333333333333,0.02375365468956538,0.6125123369861628,0.6541543296805038,0.4418604651162791,0.059722632736726816,0.3895112694112055,0.49420966082135265,0.43344306277817274,0.029625033749205144,0.40747557577298504,0.45941054978336043,0.3637209302325581,0.05546401929586548,0.3151045737917993,0.41233728667331687
ADNI_UNET,mci_spectrum_vs_ad,5,2026,2030,35,12,12,5,0.6799999999999999,0.046947647786157114,0.6388485723212425,0.7211514276787574,0.4800000000000001,0.027386127875258334,0.45599500052072495,0.5040049994792752,0.47776412366125987,0.027180810665936875,0.45393909265088606,0.5015891546716337,0.4706666666666667,0.044870183121236897,0.4313362170548625,0.5099971162784709
ADNI_PIX2PIX,cn_vs_mci_spectrum,5,2026,2030,73,12,12,5,0.6082191780821917,0.038258191900736836,0.5746843943099702,0.6417539618544132,0.605968992248062,0.04103276592351744,0.5700021871154118,0.6419357973807122,0.6018315797031806,0.039359291811024565,0.5673316393051855,0.6363315201011757,0.6189147286821706,0.03633335896913372,0.5870671353638638,0.6507623220004773
ADNI_PIX2PIX,cn_vs_ad,5,2026,2030,48,12,12,5,0.7000000000000001,0.037845629426218635,0.6668268431810699,0.7331731568189302,0.6204651162790698,0.04317697240957901,0.5826188312938527,0.6583114012642868,0.5375292921241324,0.024591922636317622,0.5159735215249414,0.5590850627233234,0.49116279069767443,0.05048172484173077,0.44691360789759493,0.5354119734977539
ADNI_PIX2PIX,mci_spectrum_vs_ad,5,2026,2030,35,12,12,5,0.5599999999999999,0.07719574906346455,0.49233494254787036,0.6276650574521295,0.41,0.04503085362035434,0.3705287164862577,0.44947128351374227,0.41083531779698523,0.0426107512142123,0.37348534757235957,0.4481852880216109,0.2866666666666666,0.044221663871405324,0.24790466924077997,0.3254286640925533
ADNI_CYCLEGAN,cn_vs_mci_spectrum,5,2026,2030,73,12,12,5,0.45205479452054786,0.02165943602855054,0.43306946176540223,0.4710401272756935,0.44620155038759696,0.026734915818357748,0.4227673634437047,0.4696357373314892,0.4444516226575964,0.025188348353642327,0.42237306186699825,0.4665301834481946,0.4427906976744186,0.024139539862485977,0.42163145805980945,0.4639499372890277
ADNI_CYCLEGAN,cn_vs_ad,5,2026,2030,48,12,12,5,0.6916666666666667,0.03726779962499648,0.659,0.7243333333333333,0.5627906976744186,0.02080063234883526,0.5445581395348837,0.5810232558139534,0.511097288676236,0.024479858024795235,0.4896397470400256,0.5325548303124465,0.5116279069767442,0.02206240228024451,0.49228935872847956,0.5309664552250088
ADNI_CYCLEGAN,mci_spectrum_vs_ad,5,2026,2030,35,12,12,5,0.6057142857142856,0.037252585172586575,0.5730609551031519,0.6383676163254194,0.3866666666666666,0.0660387091871965,0.3287811858542134,0.4445521474791198,0.40300865800865804,0.04926408828429551,0.3598267807093896,0.44619053530792646,0.31466666666666665,0.06487595000374861,0.2578003892158689,0.3715329441174644
FA_GT,cn_vs_mci_spectrum,5,2026,2030,73,12,12,5,0.6,0.029697922450244926,0.5739686232314082,0.6260313767685918,0.595968992248062,0.02860559650546039,0.5708950813853911,0.6210429031107328,0.5930658300810416,0.028731160893960876,0.5678818571791406,0.6182498029829426,0.6072868217054264,0.05428460278821065,0.559704269414749,0.6548693739961037
FA_GT,cn_vs_ad,5,2026,2030,48,12,12,5,0.7791666666666667,0.023753654689565366,0.7583456703194962,0.7999876630138372,0.6823255813953489,0.030259379873161196,0.655802065496825,0.7088490972938729,0.6056147092522677,0.012908919021008833,0.5942995428370375,0.6169298756674979,0.7879069767441861,0.029342902875511646,0.7621867883533534,0.8136271651350188
FA_GT,mci_spectrum_vs_ad,5,2026,2030,35,12,12,5,0.7657142857142857,0.031298431857438073,0.7382800005951141,0.7931485708334572,0.6633333333333334,0.059395098937351495,0.61127123366167,0.7153954330049969,0.6213421666053245,0.04726649674461144,0.5799112554918688,0.6627730777187801,0.716,0.03319973226130326,0.6868991515969417,0.7451008484030582
