method,test_prediction_folder,train_prediction_folder,checkpoint,checkpoint_exists,test_prediction_folder_exists,train_prediction_folder_exists,test_png_count,train_png_count,eligible_for_fair_train_test_MIL,eligible_for_test_CV_only,reason_if_not_eligible
T1_ONLY,data/processed/test/t1_slices,data/processed/train/t1_slices,,,True,True,1900,8650,True,True,
FA_GT,data/processed/test/fa_slices,data/processed/train/fa_slices,,,True,True,1900,8650,True,True,
FidelityFlow,outputs/icdm2026/predictions/PM_DIRF_FIDELITY_FLOW_FULL,outputs/icdm2026/predictions/PM_DIRF_FIDELITY_FLOW_FULL_TRAIN_FULL,outputs/pmrf_t1fa_stage2_fidelity_flow/checkpoints/best_stage2.pt,False,True,True,1900,8650,True,True,
PRIVATE_DS_HYBRID_FROM_STAGE1_E030_FULL,outputs/icdm2026/predictions/PRIVATE_DS_HYBRID_FROM_STAGE1_E030_FULL,outputs/icdm2026/predictions/PRIVATE_DS_HYBRID_FROM_STAGE1_E030_FULL_TRAIN_FULL,outputs/pmrf_t1fa_private_ds_hybrid_from_stage1_e030/checkpoints/best_stage2.pt,False,True,True,1900,8650,True,True,
UNet,outputs/icdm2026/predictions/UNet_CurrentSplit_E100,outputs/icdm2026/predictions_finalpdf_train/UNet,outputs/unet_current_split/checkpoints/best.pt,False,True,True,1900,8650,True,True,
Pix2Pix,outputs/icdm2026/predictions/Pix2Pix_CurrentSplit_E100,outputs/icdm2026/predictions_finalpdf_train/Pix2Pix,outputs/pix2pix_current_split/checkpoints/best.pt,False,True,True,1900,8650,True,True,
CycleGAN,outputs/icdm2026/predictions/CycleGAN_CurrentSplit_E100,outputs/icdm2026/predictions_finalpdf_train/CycleGAN,outputs/cyclegan_current_split/checkpoints/best.pt,False,True,True,1900,8650,True,True,
PRIVATE_STAGE1_SINGLE_SHARP_STRIPE_EPOCH030,outputs/icdm2026/predictions/PRIVATE_STAGE1_SINGLE_SHARP_STRIPE_EPOCH030,outputs/icdm2026/predictions/PRIVATE_STAGE1_SINGLE_SHARP_STRIPE_EPOCH030_TRAIN_FULL,outputs/pmrf_t1fa_stage1_single_sharp_stripe_full/checkpoints/epoch_030.pt,True,True,True,1900,8650,True,True,
Stage1_LPIPS_GAN,outputs/icdm2026/predictions/PM_STAGE1_LPIPS_GAN_5SLICE_FINAL,outputs/icdm2026/predictions/Stage1_LPIPS_GAN_TRAIN_FULL,outputs/pmrf_t1fa_stage1_wmroi_detail_5slice_lpips01_gan001/checkpoints/best_stage1.pt,True,True,True,1900,8650,True,True,
