method,train_prediction_folder,test_prediction_folder,train_prediction_folder_exists,test_prediction_folder_exists,train_png_count,test_png_count,checkpoint_exists,can_export_train_predictions,eligible_for_fair_train_test_MIL,reason_if_not_eligible
T1_ONLY,data/processed/train/t1_slices,data/processed/test/t1_slices,True,True,8650,1900,,False,True,
FA_GT,data/processed/train/fa_slices,data/processed/test/fa_slices,True,True,8650,1900,,False,True,
FidelityFlow,outputs/icdm2026/predictions/PM_DIRF_FIDELITY_FLOW_FULL_TRAIN_FULL,outputs/icdm2026/predictions/PM_DIRF_FIDELITY_FLOW_FULL,True,True,8650,1900,False,False,True,
PRIVATE_DS_HYBRID_FROM_STAGE1_E030_FULL,outputs/icdm2026/predictions/PRIVATE_DS_HYBRID_FROM_STAGE1_E030_FULL_TRAIN_FULL,outputs/icdm2026/predictions/PRIVATE_DS_HYBRID_FROM_STAGE1_E030_FULL,True,True,8650,1900,False,False,True,
UNet,outputs/icdm2026/predictions_finalpdf_train/UNet,outputs/icdm2026/predictions/UNet_CurrentSplit_E100,True,True,8650,1900,False,False,True,
Pix2Pix,outputs/icdm2026/predictions_finalpdf_train/Pix2Pix,outputs/icdm2026/predictions/Pix2Pix_CurrentSplit_E100,True,True,8650,1900,False,False,True,
CycleGAN,outputs/icdm2026/predictions_finalpdf_train/CycleGAN,outputs/icdm2026/predictions/CycleGAN_CurrentSplit_E100,True,True,8650,1900,False,False,True,
Stage1_LPIPS_GAN,outputs/icdm2026/predictions/Stage1_LPIPS_GAN_TRAIN_FULL,outputs/icdm2026/predictions/PM_STAGE1_LPIPS_GAN_5SLICE_FINAL,True,True,8650,1900,True,True,True,
PRIVATE_STAGE1_SINGLE_SHARP_STRIPE_EPOCH030,outputs/icdm2026/predictions/PRIVATE_STAGE1_SINGLE_SHARP_STRIPE_EPOCH030_TRAIN_FULL,outputs/icdm2026/predictions/PRIVATE_STAGE1_SINGLE_SHARP_STRIPE_EPOCH030,True,True,8650,1900,True,True,True,
